dataset_id,date_of_contribution,name_contact,email_contact,type_of_reference,doi_dataset,doi_publication,comments_reference,species_reported,location_description,realm_general,realm_specific,elevation_of_collection,depth_of_collection,lat_gg,lat_mm,lat_ss,long_gg,long_mm,long_ss,origin,comments_location,date_of_collection_initial,date_of_collection_final,comments_timing,maintained,maintenance_duration_days,maintenance_duration_generations,maintenance_temperature,maintenance_salinity,maintenance_ph,maintenance_oxygen,maintenance_carbon_dioxide,maintenance_photoperiod,maintenance_humidity,maintenance_oxygen_units,maintenance_carbon_dioxide_units,maintenance_food_type,acclimated,acclimation_duration,acclimation_temperature,acclimation_salinity,acclimation_ph,acclimation_oxygen,acclimation_carbon_dioxide,acclimation_photoperiod,acclimation_humidity,acclimation_oxygen_units,acclimation_carbon_dioxide_units,acclimation_food_type,metabolic_rate_type,acclimation_chamber,fasting_time,sensor_type,respiration_volume,delay_time,respiratory_chamber_material,incubation_time,respirometry_type,breathing_mode,life_stage_general,life_stage_specific,sex,reproductive_stage,size_type,size_units,size_value,test_temperature,test_salinity,test_ph,test_oxygen,test_carbon_dioxide,test_oxygen_units,test_carbon_dioxide_units,test_photoperiod,test_humidity,comments_experimental_conditions,resp_unit,resp_value,comments_respiration
Le_Lann_et_al_2014,27-03-2023,Cecile_Le_Lann,cecile.lelann@univ-rennes1.fr,primary,https://doi.org/10.5281/zenodo.7775047,https://doi.org/10.1007/s00442-013-2810-9,,Asobara_tabida,,terrestrial,,60,,48,21,5,-1,29,16,field,,01-06-2011,31-08-2011,,yes,,,20,,,,,,,,,,yes,20,,,,,,,,,,,basal,1.5,,Carbon dioxide analyzer sable system,30,0.001,glass,2.05,intermittent flow-through,aerial,adult,,female,mature,fresh body mass,milligram,0.1712,20,,,,,,,,,,uLCO2/h/ind,0.3153,
Le_Lann_et_al_2014,27-03-2023,Cecile_Le_Lann,cecile.lelann@univ-rennes1.fr,primary,https://doi.org/10.5281/zenodo.7775047,https://doi.org/10.1007/s00442-013-2810-9,,Asobara_tabida,,terrestrial,,60,,48,21,5,-1,29,16,field,,01-06-2011,31-08-2011,,yes,,,20,,,,,,,,,,yes,20,,,,,,,,,,,basal,1.5,,Carbon dioxide analyzer sable system,30,0.001,glass,2.05,intermittent flow-through,aerial,adult,,female,mature,fresh body mass,milligram,0.3162,20,,,,,,,,,,uLCO2/h/ind,0.4229,
Le_Lann_et_al_2014,27-03-2023,Cecile_Le_Lann,cecile.lelann@univ-rennes1.fr,primary,https://doi.org/10.5281/zenodo.7775047,https://doi.org/10.1007/s00442-013-2810-9,,Asobara_tabida,,terrestrial,,60,,48,21,5,-1,29,16,field,,01-06-2011,31-08-2011,,yes,,,20,,,,,,,,,,yes,20,,,,,,,,,,,basal,1.5,,Carbon dioxide analyzer sable system,30,0.001,glass,2.05,intermittent flow-through,aerial,adult,,female,mature,fresh body mass,milligram,0.4415,20,,,,,,,,,,uLCO2/h/ind,0.3443,
Le_Lann_et_al_2014,27-03-2023,Cecile_Le_Lann,cecile.lelann@univ-rennes1.fr,primary,https://doi.org/10.5281/zenodo.7775047,https://doi.org/10.1007/s00442-013-2810-9,,Asobara_tabida,,terrestrial,,60,,48,21,5,-1,29,16,field,,01-06-2011,31-08-2011,,yes,,,20,,,,,,,,,,yes,20,,,,,,,,,,,basal,1.5,,Carbon dioxide analyzer sable system,30,0.001,glass,2.05,intermittent flow-through,aerial,adult,,female,mature,fresh body mass,milligram,0.4778,20,,,,,,,,,,uLCO2/h/ind,0.2322,
Le_Lann_et_al_2014,27-03-2023,Cecile_Le_Lann,cecile.lelann@univ-rennes1.fr,primary,https://doi.org/10.5281/zenodo.7775047,https://doi.org/10.1007/s00442-013-2810-9,,Asobara_tabida,,terrestrial,,60,,48,21,5,-1,29,16,field,,01-06-2011,31-08-2011,,yes,,,20,,,,,,,,,,yes,20,,,,,,,,,,,basal,1.5,,Carbon dioxide analyzer sable system,30,0.001,glass,2.05,intermittent flow-through,aerial,adult,,female,mature,fresh body mass,milligram,0.6354,20,,,,,,,,,,uLCO2/h/ind,1.2899,
Le_Lann_et_al_2014,27-03-2023,Cecile_Le_Lann,cecile.lelann@univ-rennes1.fr,primary,https://doi.org/10.5281/zenodo.7775047,https://doi.org/10.1007/s00442-013-2810-9,,Asobara_tabida,,terrestrial,,60,,48,21,5,-1,29,16,field,,01-06-2011,31-08-2011,,yes,,,20,,,,,,,,,,yes,20,,,,,,,,,,,basal,1.5,,Carbon dioxide analyzer sable system,30,0.001,glass,2.05,intermittent flow-through,aerial,adult,,female,mature,fresh body mass,milligram,0.5118,20,,,,,,,,,,uLCO2/h/ind,0.5433,
Le_Lann_et_al_2014,27-03-2023,Cecile_Le_Lann,cecile.lelann@univ-rennes1.fr,primary,https://doi.org/10.5281/zenodo.7775047,https://doi.org/10.1007/s00442-013-2810-9,,Asobara_tabida,,terrestrial,,60,,48,21,5,-1,29,16,field,,01-06-2011,31-08-2011,,yes,,,20,,,,,,,,,,yes,20,,,,,,,,,,,basal,1.5,,Carbon dioxide analyzer sable system,30,0.001,glass,2.05,intermittent flow-through,aerial,adult,,female,mature,fresh body mass,milligram,0.481,20,,,,,,,,,,uLCO2/h/ind,0.3844,
Le_Lann_et_al_2014,27-03-2023,Cecile_Le_Lann,cecile.lelann@univ-rennes1.fr,primary,https://doi.org/10.5281/zenodo.7775047,https://doi.org/10.1007/s00442-013-2810-9,,Asobara_tabida,,terrestrial,,60,,48,21,5,-1,29,16,field,,01-06-2011,31-08-2011,,yes,,,20,,,,,,,,,,yes,20,,,,,,,,,,,basal,1.5,,Carbon dioxide analyzer sable system,30,0.001,glass,2.05,intermittent flow-through,aerial,adult,,female,mature,fresh body mass,milligram,0.3953,20,,,,,,,,,,uLCO2/h/ind,0.271,
Le_Lann_et_al_2014,27-03-2023,Cecile_Le_Lann,cecile.lelann@univ-rennes1.fr,primary,https://doi.org/10.5281/zenodo.7775047,https://doi.org/10.1007/s00442-013-2810-9,,Asobara_tabida,,terrestrial,,60,,48,21,5,-1,29,16,field,,01-06-2011,31-08-2011,,yes,,,20,,,,,,,,,,yes,20,,,,,,,,,,,basal,1.5,,Carbon dioxide analyzer sable system,30,0.001,glass,2.05,intermittent flow-through,aerial,adult,,female,mature,fresh body mass,milligram,0.4565,20,,,,,,,,,,uLCO2/h/ind,0.4428,
Le_Lann_et_al_2014,27-03-2023,Cecile_Le_Lann,cecile.lelann@univ-rennes1.fr,primary,https://doi.org/10.5281/zenodo.7775047,https://doi.org/10.1007/s00442-013-2810-9,,Asobara_tabida,,terrestrial,,60,,48,21,5,-1,29,16,field,,01-06-2011,31-08-2011,,yes,,,20,,,,,,,,,,yes,20,,,,,,,,,,,basal,1.5,,Carbon dioxide analyzer sable system,30,0.001,glass,2.05,intermittent flow-through,aerial,adult,,female,mature,fresh body mass,milligram,0.4703,20,,,,,,,,,,uLCO2/h/ind,0.399,
Le_Lann_et_al_2014,27-03-2023,Cecile_Le_Lann,cecile.lelann@univ-rennes1.fr,primary,https://doi.org/10.5281/zenodo.7775047,https://doi.org/10.1007/s00442-013-2810-9,,Asobara_tabida,,terrestrial,,60,,48,21,5,-1,29,16,field,,01-06-2011,31-08-2011,,yes,,,20,,,,,,,,,,yes,20,,,,,,,,,,,basal,1.5,,Carbon dioxide analyzer sable system,30,0.001,glass,2.05,intermittent flow-through,aerial,adult,,female,mature,fresh body mass,milligram,0.6232,20,,,,,,,,,,uLCO2/h/ind,1.0467,
Le_Lann_et_al_2014,27-03-2023,Cecile_Le_Lann,cecile.lelann@univ-rennes1.fr,primary,https://doi.org/10.5281/zenodo.7775047,https://doi.org/10.1007/s00442-013-2810-9,,Asobara_tabida,,terrestrial,,60,,48,21,5,-1,29,16,field,,01-06-2011,31-08-2011,,yes,,,20,,,,,,,,,,yes,20,,,,,,,,,,,basal,1.5,,Carbon dioxide analyzer sable system,30,0.001,glass,2.05,intermittent flow-through,aerial,adult,,female,mature,fresh body mass,milligram,0.531,20,,,,,,,,,,uLCO2/h/ind,0.9301,
Le_Lann_et_al_2014,27-03-2023,Cecile_Le_Lann,cecile.lelann@univ-rennes1.fr,primary,https://doi.org/10.5281/zenodo.7775047,https://doi.org/10.1007/s00442-013-2810-9,,Asobara_tabida,,terrestrial,,60,,48,21,5,-1,29,16,field,,01-06-2011,31-08-2011,,yes,,,20,,,,,,,,,,yes,20,,,,,,,,,,,basal,1.5,,Carbon dioxide analyzer sable system,30,0.001,glass,2.05,intermittent flow-through,aerial,adult,,female,mature,fresh body mass,milligram,0.5144,20,,,,,,,,,,uLCO2/h/ind,0.6381,
Le_Lann_et_al_2014,27-03-2023,Cecile_Le_Lann,cecile.lelann@univ-rennes1.fr,primary,https://doi.org/10.5281/zenodo.7775047,https://doi.org/10.1007/s00442-013-2810-9,,Asobara_tabida,,terrestrial,,60,,48,21,5,-1,29,16,field,,01-06-2011,31-08-2011,,yes,,,20,,,,,,,,,,yes,20,,,,,,,,,,,basal,1.5,,Carbon dioxide analyzer sable system,30,0.001,glass,2.05,intermittent flow-through,aerial,adult,,female,mature,fresh body mass,milligram,0.3768,20,,,,,,,,,,uLCO2/h/ind,0.2056,
Le_Lann_et_al_2014,27-03-2023,Cecile_Le_Lann,cecile.lelann@univ-rennes1.fr,primary,https://doi.org/10.5281/zenodo.7775047,https://doi.org/10.1007/s00442-013-2810-9,,Asobara_tabida,,terrestrial,,60,,48,21,5,-1,29,16,field,,01-06-2011,31-08-2011,,yes,,,20,,,,,,,,,,yes,20,,,,,,,,,,,basal,1.5,,Carbon dioxide analyzer sable system,30,0.001,glass,2.05,intermittent flow-through,aerial,adult,,female,mature,fresh body mass,milligram,0.4785,20,,,,,,,,,,uLCO2/h/ind,0.7603,
Le_Lann_et_al_2014,27-03-2023,Cecile_Le_Lann,cecile.lelann@univ-rennes1.fr,primary,https://doi.org/10.5281/zenodo.7775047,https://doi.org/10.1007/s00442-013-2810-9,,Asobara_tabida,,terrestrial,,60,,48,21,5,-1,29,16,field,,01-06-2011,31-08-2011,,yes,,,20,,,,,,,,,,yes,20,,,,,,,,,,,basal,1.5,,Carbon dioxide analyzer sable system,30,0.001,glass,2.05,intermittent flow-through,aerial,adult,,female,mature,fresh body mass,milligram,0.3632,20,,,,,,,,,,uLCO2/h/ind,0.3129,
Le_Lann_et_al_2014,27-03-2023,Cecile_Le_Lann,cecile.lelann@univ-rennes1.fr,primary,https://doi.org/10.5281/zenodo.7775047,https://doi.org/10.1007/s00442-013-2810-9,,Asobara_tabida,,terrestrial,,60,,48,21,5,-1,29,16,field,,01-06-2011,31-08-2011,,yes,,,20,,,,,,,,,,yes,20,,,,,,,,,,,basal,1.5,,Carbon dioxide analyzer sable system,30,0.001,glass,2.05,intermittent flow-through,aerial,adult,,female,mature,fresh body mass,milligram,0.4418,20,,,,,,,,,,uLCO2/h/ind,0.4557,
Le_Lann_et_al_2014,27-03-2023,Cecile_Le_Lann,cecile.lelann@univ-rennes1.fr,primary,https://doi.org/10.5281/zenodo.7775047,https://doi.org/10.1007/s00442-013-2810-9,,Asobara_tabida,,terrestrial,,60,,48,21,5,-1,29,16,field,,01-06-2011,31-08-2011,,yes,,,20,,,,,,,,,,yes,20,,,,,,,,,,,basal,1.5,,Carbon dioxide analyzer sable system,30,0.001,glass,2.05,intermittent flow-through,aerial,adult,,female,mature,fresh body mass,milligram,0.3714,20,,,,,,,,,,uLCO2/h/ind,0.2745,
Le_Lann_et_al_2014,27-03-2023,Cecile_Le_Lann,cecile.lelann@univ-rennes1.fr,primary,https://doi.org/10.5281/zenodo.7775047,https://doi.org/10.1007/s00442-013-2810-9,,Asobara_tabida,,terrestrial,,60,,48,21,5,-1,29,16,field,,01-06-2011,31-08-2011,,yes,,,20,,,,,,,,,,yes,20,,,,,,,,,,,basal,1.5,,Carbon dioxide analyzer sable system,30,0.001,glass,2.05,intermittent flow-through,aerial,adult,,female,mature,fresh body mass,milligram,0.4665,20,,,,,,,,,,uLCO2/h/ind,0.8803,
Le_Lann_et_al_2014,27-03-2023,Cecile_Le_Lann,cecile.lelann@univ-rennes1.fr,primary,https://doi.org/10.5281/zenodo.7775047,https://doi.org/10.1007/s00442-013-2810-9,,Asobara_tabida,,terrestrial,,60,,48,21,5,-1,29,16,field,,01-06-2011,31-08-2011,,yes,,,20,,,,,,,,,,yes,20,,,,,,,,,,,basal,1.5,,Carbon dioxide analyzer sable system,30,0.001,glass,2.05,intermittent flow-through,aerial,adult,,female,mature,fresh body mass,milligram,0.4128,20,,,,,,,,,,uLCO2/h/ind,0.6619,
Le_Lann_et_al_2014,27-03-2023,Cecile_Le_Lann,cecile.lelann@univ-rennes1.fr,primary,https://doi.org/10.5281/zenodo.7775047,https://doi.org/10.1007/s00442-013-2810-9,,Asobara_tabida,,terrestrial,,60,,48,21,5,-1,29,16,field,,01-06-2011,31-08-2011,,yes,,,23,,,,,,,,,,yes,23,,,,,,,,,,,basal,1.5,,Carbon dioxide analyzer sable system,30,0.001,glass,2.05,intermittent flow-through,aerial,adult,,female,mature,fresh body mass,milligram,0.2484,23,,,,,,,,,,uLCO2/h/ind,0.4996,
Le_Lann_et_al_2014,27-03-2023,Cecile_Le_Lann,cecile.lelann@univ-rennes1.fr,primary,https://doi.org/10.5281/zenodo.7775047,https://doi.org/10.1007/s00442-013-2810-9,,Asobara_tabida,,terrestrial,,60,,48,21,5,-1,29,16,field,,01-06-2011,31-08-2011,,yes,,,23,,,,,,,,,,yes,23,,,,,,,,,,,basal,1.5,,Carbon dioxide analyzer sable system,30,0.001,glass,2.05,intermittent flow-through,aerial,adult,,female,mature,fresh body mass,milligram,0.2036,23,,,,,,,,,,uLCO2/h/ind,0.2247,
Le_Lann_et_al_2014,27-03-2023,Cecile_Le_Lann,cecile.lelann@univ-rennes1.fr,primary,https://doi.org/10.5281/zenodo.7775047,https://doi.org/10.1007/s00442-013-2810-9,,Asobara_tabida,,terrestrial,,60,,48,21,5,-1,29,16,field,,01-06-2011,31-08-2011,,yes,,,23,,,,,,,,,,yes,23,,,,,,,,,,,basal,1.5,,Carbon dioxide analyzer sable system,30,0.001,glass,2.05,intermittent flow-through,aerial,adult,,female,mature,fresh body mass,milligram,0.2265,23,,,,,,,,,,uLCO2/h/ind,0.3117,
Le_Lann_et_al_2014,27-03-2023,Cecile_Le_Lann,cecile.lelann@univ-rennes1.fr,primary,https://doi.org/10.5281/zenodo.7775047,https://doi.org/10.1007/s00442-013-2810-9,,Asobara_tabida,,terrestrial,,60,,48,21,5,-1,29,16,field,,01-06-2011,31-08-2011,,yes,,,23,,,,,,,,,,yes,23,,,,,,,,,,,basal,1.5,,Carbon dioxide analyzer sable system,30,0.001,glass,2.05,intermittent flow-through,aerial,adult,,female,mature,fresh body mass,milligram,0.2392,23,,,,,,,,,,uLCO2/h/ind,0.2878,
Le_Lann_et_al_2014,27-03-2023,Cecile_Le_Lann,cecile.lelann@univ-rennes1.fr,primary,https://doi.org/10.5281/zenodo.7775047,https://doi.org/10.1007/s00442-013-2810-9,,Asobara_tabida,,terrestrial,,60,,48,21,5,-1,29,16,field,,01-06-2011,31-08-2011,,yes,,,23,,,,,,,,,,yes,23,,,,,,,,,,,basal,1.5,,Carbon dioxide analyzer sable system,30,0.001,glass,2.05,intermittent flow-through,aerial,adult,,female,mature,fresh body mass,milligram,0.2842,23,,,,,,,,,,uLCO2/h/ind,0.4197,
Le_Lann_et_al_2014,27-03-2023,Cecile_Le_Lann,cecile.lelann@univ-rennes1.fr,primary,https://doi.org/10.5281/zenodo.7775047,https://doi.org/10.1007/s00442-013-2810-9,,Asobara_tabida,,terrestrial,,60,,48,21,5,-1,29,16,field,,01-06-2011,31-08-2011,,yes,,,23,,,,,,,,,,yes,23,,,,,,,,,,,basal,1.5,,Carbon dioxide analyzer sable system,30,0.001,glass,2.05,intermittent flow-through,aerial,adult,,female,mature,fresh body mass,milligram,0.2347,23,,,,,,,,,,uLCO2/h/ind,0.2034,
Le_Lann_et_al_2014,27-03-2023,Cecile_Le_Lann,cecile.lelann@univ-rennes1.fr,primary,https://doi.org/10.5281/zenodo.7775047,https://doi.org/10.1007/s00442-013-2810-9,,Asobara_tabida,,terrestrial,,60,,48,21,5,-1,29,16,field,,01-06-2011,31-08-2011,,yes,,,23,,,,,,,,,,yes,23,,,,,,,,,,,basal,1.5,,Carbon dioxide analyzer sable system,30,0.001,glass,2.05,intermittent flow-through,aerial,adult,,female,mature,fresh body mass,milligram,0.2754,23,,,,,,,,,,uLCO2/h/ind,0.4329,
Le_Lann_et_al_2014,27-03-2023,Cecile_Le_Lann,cecile.lelann@univ-rennes1.fr,primary,https://doi.org/10.5281/zenodo.7775047,https://doi.org/10.1007/s00442-013-2810-9,,Asobara_tabida,,terrestrial,,60,,48,21,5,-1,29,16,field,,01-06-2011,31-08-2011,,yes,,,23,,,,,,,,,,yes,23,,,,,,,,,,,basal,1.5,,Carbon dioxide analyzer sable system,30,0.001,glass,2.05,intermittent flow-through,aerial,adult,,female,mature,fresh body mass,milligram,0.259,23,,,,,,,,,,uLCO2/h/ind,0.3585,
Le_Lann_et_al_2014,27-03-2023,Cecile_Le_Lann,cecile.lelann@univ-rennes1.fr,primary,https://doi.org/10.5281/zenodo.7775047,https://doi.org/10.1007/s00442-013-2810-9,,Asobara_tabida,,terrestrial,,60,,48,21,5,-1,29,16,field,,01-06-2011,31-08-2011,,yes,,,23,,,,,,,,,,yes,23,,,,,,,,,,,basal,1.5,,Carbon dioxide analyzer sable system,30,0.001,glass,2.05,intermittent flow-through,aerial,adult,,female,mature,fresh body mass,milligram,0.2878,23,,,,,,,,,,uLCO2/h/ind,0.4432,
Le_Lann_et_al_2014,27-03-2023,Cecile_Le_Lann,cecile.lelann@univ-rennes1.fr,primary,https://doi.org/10.5281/zenodo.7775047,https://doi.org/10.1007/s00442-013-2810-9,,Asobara_tabida,,terrestrial,,60,,48,21,5,-1,29,16,field,,01-06-2011,31-08-2011,,yes,,,23,,,,,,,,,,yes,23,,,,,,,,,,,basal,1.5,,Carbon dioxide analyzer sable system,30,0.001,glass,2.05,intermittent flow-through,aerial,adult,,female,mature,fresh body mass,milligram,0.2116,23,,,,,,,,,,uLCO2/h/ind,0.289,
Le_Lann_et_al_2014,27-03-2023,Cecile_Le_Lann,cecile.lelann@univ-rennes1.fr,primary,https://doi.org/10.5281/zenodo.7775047,https://doi.org/10.1007/s00442-013-2810-9,,Asobara_tabida,,terrestrial,,60,,48,21,5,-1,29,16,field,,01-06-2011,31-08-2011,,yes,,,23,,,,,,,,,,yes,23,,,,,,,,,,,basal,1.5,,Carbon dioxide analyzer sable system,30,0.001,glass,2.05,intermittent flow-through,aerial,adult,,female,mature,fresh body mass,milligram,0.2313,23,,,,,,,,,,uLCO2/h/ind,0.3566,
Le_Lann_et_al_2014,27-03-2023,Cecile_Le_Lann,cecile.lelann@univ-rennes1.fr,primary,https://doi.org/10.5281/zenodo.7775047,https://doi.org/10.1007/s00442-013-2810-9,,Asobara_tabida,,terrestrial,,60,,48,21,5,-1,29,16,field,,01-06-2011,31-08-2011,,yes,,,23,,,,,,,,,,yes,23,,,,,,,,,,,basal,1.5,,Carbon dioxide analyzer sable system,30,0.001,glass,2.05,intermittent flow-through,aerial,adult,,female,mature,fresh body mass,milligram,0.2476,23,,,,,,,,,,uLCO2/h/ind,0.5397,
Le_Lann_et_al_2014,27-03-2023,Cecile_Le_Lann,cecile.lelann@univ-rennes1.fr,primary,https://doi.org/10.5281/zenodo.7775047,https://doi.org/10.1007/s00442-013-2810-9,,Asobara_tabida,,terrestrial,,60,,48,21,5,-1,29,16,field,,01-06-2011,31-08-2011,,yes,,,23,,,,,,,,,,yes,23,,,,,,,,,,,basal,1.5,,Carbon dioxide analyzer sable system,30,0.001,glass,2.05,intermittent flow-through,aerial,adult,,female,mature,fresh body mass,milligram,0.2132,23,,,,,,,,,,uLCO2/h/ind,0.3906,
Le_Lann_et_al_2014,27-03-2023,Cecile_Le_Lann,cecile.lelann@univ-rennes1.fr,primary,https://doi.org/10.5281/zenodo.7775047,https://doi.org/10.1007/s00442-013-2810-9,,Asobara_tabida,,terrestrial,,60,,48,21,5,-1,29,16,field,,01-06-2011,31-08-2011,,yes,,,23,,,,,,,,,,yes,23,,,,,,,,,,,basal,1.5,,Carbon dioxide analyzer sable system,30,0.001,glass,2.05,intermittent flow-through,aerial,adult,,female,mature,fresh body mass,milligram,0.2097,23,,,,,,,,,,uLCO2/h/ind,0.2866,
Le_Lann_et_al_2014,27-03-2023,Cecile_Le_Lann,cecile.lelann@univ-rennes1.fr,primary,https://doi.org/10.5281/zenodo.7775047,https://doi.org/10.1007/s00442-013-2810-9,,Asobara_tabida,,terrestrial,,60,,48,21,5,-1,29,16,field,,01-06-2011,31-08-2011,,yes,,,23,,,,,,,,,,yes,23,,,,,,,,,,,basal,1.5,,Carbon dioxide analyzer sable system,30,0.001,glass,2.05,intermittent flow-through,aerial,adult,,female,mature,fresh body mass,milligram,0.2004,23,,,,,,,,,,uLCO2/h/ind,0.2258,
Le_Lann_et_al_2014,27-03-2023,Cecile_Le_Lann,cecile.lelann@univ-rennes1.fr,primary,https://doi.org/10.5281/zenodo.7775047,https://doi.org/10.1007/s00442-013-2810-9,,Asobara_tabida,,terrestrial,,60,,48,21,5,-1,29,16,field,,01-06-2011,31-08-2011,,yes,,,23,,,,,,,,,,yes,23,,,,,,,,,,,basal,1.5,,Carbon dioxide analyzer sable system,30,0.001,glass,2.05,intermittent flow-through,aerial,adult,,female,mature,fresh body mass,milligram,0.237,23,,,,,,,,,,uLCO2/h/ind,0.3043,
Le_Lann_et_al_2014,27-03-2023,Cecile_Le_Lann,cecile.lelann@univ-rennes1.fr,primary,https://doi.org/10.5281/zenodo.7775047,https://doi.org/10.1007/s00442-013-2810-9,,Asobara_tabida,,terrestrial,,60,,48,21,5,-1,29,16,field,,01-06-2011,31-08-2011,,yes,,,23,,,,,,,,,,yes,23,,,,,,,,,,,basal,1.5,,Carbon dioxide analyzer sable system,30,0.001,glass,2.05,intermittent flow-through,aerial,adult,,female,mature,fresh body mass,milligram,0.2761,23,,,,,,,,,,uLCO2/h/ind,0.391,
Le_Lann_et_al_2014,27-03-2023,Cecile_Le_Lann,cecile.lelann@univ-rennes1.fr,primary,https://doi.org/10.5281/zenodo.7775047,https://doi.org/10.1007/s00442-013-2810-9,,Asobara_tabida,,terrestrial,,60,,48,21,5,-1,29,16,field,,01-06-2011,31-08-2011,,yes,,,23,,,,,,,,,,yes,23,,,,,,,,,,,basal,1.5,,Carbon dioxide analyzer sable system,30,0.001,glass,2.05,intermittent flow-through,aerial,adult,,female,mature,fresh body mass,milligram,0.2375,23,,,,,,,,,,uLCO2/h/ind,0.2438,
Le_Lann_et_al_2014,27-03-2023,Cecile_Le_Lann,cecile.lelann@univ-rennes1.fr,primary,https://doi.org/10.5281/zenodo.7775047,https://doi.org/10.1007/s00442-013-2810-9,,Asobara_tabida,,terrestrial,,60,,48,21,5,-1,29,16,field,,01-06-2011,31-08-2011,,yes,,,23,,,,,,,,,,yes,23,,,,,,,,,,,basal,1.5,,Carbon dioxide analyzer sable system,30,0.001,glass,2.05,intermittent flow-through,aerial,adult,,female,mature,fresh body mass,milligram,0.2636,23,,,,,,,,,,uLCO2/h/ind,0.3199,
Le_Lann_et_al_2014,27-03-2023,Cecile_Le_Lann,cecile.lelann@univ-rennes1.fr,primary,https://doi.org/10.5281/zenodo.7775047,https://doi.org/10.1007/s00442-013-2810-9,,Asobara_tabida,,terrestrial,,60,,48,21,5,-1,29,16,field,,01-06-2011,31-08-2011,,yes,,,23,,,,,,,,,,yes,23,,,,,,,,,,,basal,1.5,,Carbon dioxide analyzer sable system,30,0.001,glass,2.05,intermittent flow-through,aerial,adult,,female,mature,fresh body mass,milligram,0.2066,23,,,,,,,,,,uLCO2/h/ind,0.2988,
Le_Lann_et_al_2014,27-03-2023,Cecile_Le_Lann,cecile.lelann@univ-rennes1.fr,primary,https://doi.org/10.5281/zenodo.7775047,https://doi.org/10.1007/s00442-013-2810-9,,Leptopilina_heterotoma,,terrestrial,,60,,48,21,5,-1,29,16,field,,01-06-2011,31-08-2011,,yes,,,20,,,,,,,,,,yes,20,,,,,,,,,,,basal,1.5,,Carbon dioxide analyzer sable system,30,0.001,glass,2.05,intermittent flow-through,aerial,adult,,female,mature,fresh body mass,milligram,0.5048,20,,,,,,,,,,uLCO2/h/ind,0.6484,
Le_Lann_et_al_2014,27-03-2023,Cecile_Le_Lann,cecile.lelann@univ-rennes1.fr,primary,https://doi.org/10.5281/zenodo.7775047,https://doi.org/10.1007/s00442-013-2810-9,,Leptopilina_heterotoma,,terrestrial,,60,,48,21,5,-1,29,16,field,,01-06-2011,31-08-2011,,yes,,,20,,,,,,,,,,yes,20,,,,,,,,,,,basal,1.5,,Carbon dioxide analyzer sable system,30,0.001,glass,2.05,intermittent flow-through,aerial,adult,,female,mature,fresh body mass,milligram,0.4818,20,,,,,,,,,,uLCO2/h/ind,0.4579,
Le_Lann_et_al_2014,27-03-2023,Cecile_Le_Lann,cecile.lelann@univ-rennes1.fr,primary,https://doi.org/10.5281/zenodo.7775047,https://doi.org/10.1007/s00442-013-2810-9,,Leptopilina_heterotoma,,terrestrial,,60,,48,21,5,-1,29,16,field,,01-06-2011,31-08-2011,,yes,,,20,,,,,,,,,,yes,20,,,,,,,,,,,basal,1.5,,Carbon dioxide analyzer sable system,30,0.001,glass,2.05,intermittent flow-through,aerial,adult,,female,mature,fresh body mass,milligram,0.3387,20,,,,,,,,,,uLCO2/h/ind,0.3092,
Le_Lann_et_al_2014,27-03-2023,Cecile_Le_Lann,cecile.lelann@univ-rennes1.fr,primary,https://doi.org/10.5281/zenodo.7775047,https://doi.org/10.1007/s00442-013-2810-9,,Leptopilina_heterotoma,,terrestrial,,60,,48,21,5,-1,29,16,field,,01-06-2011,31-08-2011,,yes,,,20,,,,,,,,,,yes,20,,,,,,,,,,,basal,1.5,,Carbon dioxide analyzer sable system,30,0.001,glass,2.05,intermittent flow-through,aerial,adult,,female,mature,fresh body mass,milligram,0.2817,20,,,,,,,,,,uLCO2/h/ind,0.8119,
Le_Lann_et_al_2014,27-03-2023,Cecile_Le_Lann,cecile.lelann@univ-rennes1.fr,primary,https://doi.org/10.5281/zenodo.7775047,https://doi.org/10.1007/s00442-013-2810-9,,Leptopilina_heterotoma,,terrestrial,,60,,48,21,5,-1,29,16,field,,01-06-2011,31-08-2011,,yes,,,20,,,,,,,,,,yes,20,,,,,,,,,,,basal,1.5,,Carbon dioxide analyzer sable system,30,0.001,glass,2.05,intermittent flow-through,aerial,adult,,female,mature,fresh body mass,milligram,0.2782,20,,,,,,,,,,uLCO2/h/ind,0.6964,
Le_Lann_et_al_2014,27-03-2023,Cecile_Le_Lann,cecile.lelann@univ-rennes1.fr,primary,https://doi.org/10.5281/zenodo.7775047,https://doi.org/10.1007/s00442-013-2810-9,,Leptopilina_heterotoma,,terrestrial,,60,,48,21,5,-1,29,16,field,,01-06-2011,31-08-2011,,yes,,,20,,,,,,,,,,yes,20,,,,,,,,,,,basal,1.5,,Carbon dioxide analyzer sable system,30,0.001,glass,2.05,intermittent flow-through,aerial,adult,,female,mature,fresh body mass,milligram,0.4374,20,,,,,,,,,,uLCO2/h/ind,0.7671,
Le_Lann_et_al_2014,27-03-2023,Cecile_Le_Lann,cecile.lelann@univ-rennes1.fr,primary,https://doi.org/10.5281/zenodo.7775047,https://doi.org/10.1007/s00442-013-2810-9,,Leptopilina_heterotoma,,terrestrial,,60,,48,21,5,-1,29,16,field,,01-06-2011,31-08-2011,,yes,,,20,,,,,,,,,,yes,20,,,,,,,,,,,basal,1.5,,Carbon dioxide analyzer sable system,30,0.001,glass,2.05,intermittent flow-through,aerial,adult,,female,mature,fresh body mass,milligram,0.5052,20,,,,,,,,,,uLCO2/h/ind,0.7371,
Le_Lann_et_al_2014,27-03-2023,Cecile_Le_Lann,cecile.lelann@univ-rennes1.fr,primary,https://doi.org/10.5281/zenodo.7775047,https://doi.org/10.1007/s00442-013-2810-9,,Leptopilina_heterotoma,,terrestrial,,60,,48,21,5,-1,29,16,field,,01-06-2011,31-08-2011,,yes,,,20,,,,,,,,,,yes,20,,,,,,,,,,,basal,1.5,,Carbon dioxide analyzer sable system,30,0.001,glass,2.05,intermittent flow-through,aerial,adult,,female,mature,fresh body mass,milligram,0.2743,20,,,,,,,,,,uLCO2/h/ind,0.418,
Le_Lann_et_al_2014,27-03-2023,Cecile_Le_Lann,cecile.lelann@univ-rennes1.fr,primary,https://doi.org/10.5281/zenodo.7775047,https://doi.org/10.1007/s00442-013-2810-9,,Leptopilina_heterotoma,,terrestrial,,60,,48,21,5,-1,29,16,field,,01-06-2011,31-08-2011,,yes,,,20,,,,,,,,,,yes,20,,,,,,,,,,,basal,1.5,,Carbon dioxide analyzer sable system,30,0.001,glass,2.05,intermittent flow-through,aerial,adult,,female,mature,fresh body mass,milligram,0.4822,20,,,,,,,,,,uLCO2/h/ind,0.2099,
Le_Lann_et_al_2014,27-03-2023,Cecile_Le_Lann,cecile.lelann@univ-rennes1.fr,primary,https://doi.org/10.5281/zenodo.7775047,https://doi.org/10.1007/s00442-013-2810-9,,Leptopilina_heterotoma,,terrestrial,,60,,48,21,5,-1,29,16,field,,01-06-2011,31-08-2011,,yes,,,20,,,,,,,,,,yes,20,,,,,,,,,,,basal,1.5,,Carbon dioxide analyzer sable system,30,0.001,glass,2.05,intermittent flow-through,aerial,adult,,female,mature,fresh body mass,milligram,0.4273,20,,,,,,,,,,uLCO2/h/ind,0.2846,
Le_Lann_et_al_2014,27-03-2023,Cecile_Le_Lann,cecile.lelann@univ-rennes1.fr,primary,https://doi.org/10.5281/zenodo.7775047,https://doi.org/10.1007/s00442-013-2810-9,,Leptopilina_heterotoma,,terrestrial,,60,,48,21,5,-1,29,16,field,,01-06-2011,31-08-2011,,yes,,,20,,,,,,,,,,yes,20,,,,,,,,,,,basal,1.5,,Carbon dioxide analyzer sable system,30,0.001,glass,2.05,intermittent flow-through,aerial,adult,,female,mature,fresh body mass,milligram,0.3215,20,,,,,,,,,,uLCO2/h/ind,0.1764,
Le_Lann_et_al_2014,27-03-2023,Cecile_Le_Lann,cecile.lelann@univ-rennes1.fr,primary,https://doi.org/10.5281/zenodo.7775047,https://doi.org/10.1007/s00442-013-2810-9,,Leptopilina_heterotoma,,terrestrial,,60,,48,21,5,-1,29,16,field,,01-06-2011,31-08-2011,,yes,,,20,,,,,,,,,,yes,20,,,,,,,,,,,basal,1.5,,Carbon dioxide analyzer sable system,30,0.001,glass,2.05,intermittent flow-through,aerial,adult,,female,mature,fresh body mass,milligram,0.5289,20,,,,,,,,,,uLCO2/h/ind,0.2619,
Le_Lann_et_al_2014,27-03-2023,Cecile_Le_Lann,cecile.lelann@univ-rennes1.fr,primary,https://doi.org/10.5281/zenodo.7775047,https://doi.org/10.1007/s00442-013-2810-9,,Leptopilina_heterotoma,,terrestrial,,60,,48,21,5,-1,29,16,field,,01-06-2011,31-08-2011,,yes,,,20,,,,,,,,,,yes,20,,,,,,,,,,,basal,1.5,,Carbon dioxide analyzer sable system,30,0.001,glass,2.05,intermittent flow-through,aerial,adult,,female,mature,fresh body mass,milligram,0.5028,20,,,,,,,,,,uLCO2/h/ind,0.2072,
Le_Lann_et_al_2014,27-03-2023,Cecile_Le_Lann,cecile.lelann@univ-rennes1.fr,primary,https://doi.org/10.5281/zenodo.7775047,https://doi.org/10.1007/s00442-013-2810-9,,Leptopilina_heterotoma,,terrestrial,,60,,48,21,5,-1,29,16,field,,01-06-2011,31-08-2011,,yes,,,20,,,,,,,,,,yes,20,,,,,,,,,,,basal,1.5,,Carbon dioxide analyzer sable system,30,0.001,glass,2.05,intermittent flow-through,aerial,adult,,female,mature,fresh body mass,milligram,0.3568,20,,,,,,,,,,uLCO2/h/ind,0.4656,
Le_Lann_et_al_2014,27-03-2023,Cecile_Le_Lann,cecile.lelann@univ-rennes1.fr,primary,https://doi.org/10.5281/zenodo.7775047,https://doi.org/10.1007/s00442-013-2810-9,,Leptopilina_heterotoma,,terrestrial,,60,,48,21,5,-1,29,16,field,,01-06-2011,31-08-2011,,yes,,,20,,,,,,,,,,yes,20,,,,,,,,,,,basal,1.5,,Carbon dioxide analyzer sable system,30,0.001,glass,2.05,intermittent flow-through,aerial,adult,,female,mature,fresh body mass,milligram,0.5476,20,,,,,,,,,,uLCO2/h/ind,0.7755,
Le_Lann_et_al_2014,27-03-2023,Cecile_Le_Lann,cecile.lelann@univ-rennes1.fr,primary,https://doi.org/10.5281/zenodo.7775047,https://doi.org/10.1007/s00442-013-2810-9,,Leptopilina_heterotoma,,terrestrial,,60,,48,21,5,-1,29,16,field,,01-06-2011,31-08-2011,,yes,,,20,,,,,,,,,,yes,20,,,,,,,,,,,basal,1.5,,Carbon dioxide analyzer sable system,30,0.001,glass,2.05,intermittent flow-through,aerial,adult,,female,mature,fresh body mass,milligram,0.5062,20,,,,,,,,,,uLCO2/h/ind,0.5316,
Le_Lann_et_al_2014,27-03-2023,Cecile_Le_Lann,cecile.lelann@univ-rennes1.fr,primary,https://doi.org/10.5281/zenodo.7775047,https://doi.org/10.1007/s00442-013-2810-9,,Leptopilina_heterotoma,,terrestrial,,60,,48,21,5,-1,29,16,field,,01-06-2011,31-08-2011,,yes,,,20,,,,,,,,,,yes,20,,,,,,,,,,,basal,1.5,,Carbon dioxide analyzer sable system,30,0.001,glass,2.05,intermittent flow-through,aerial,adult,,female,mature,fresh body mass,milligram,0.3921,20,,,,,,,,,,uLCO2/h/ind,1.0588,
Le_Lann_et_al_2014,27-03-2023,Cecile_Le_Lann,cecile.lelann@univ-rennes1.fr,primary,https://doi.org/10.5281/zenodo.7775047,https://doi.org/10.1007/s00442-013-2810-9,,Leptopilina_heterotoma,,terrestrial,,60,,48,21,5,-1,29,16,field,,01-06-2011,31-08-2011,,yes,,,20,,,,,,,,,,yes,20,,,,,,,,,,,basal,1.5,,Carbon dioxide analyzer sable system,30,0.001,glass,2.05,intermittent flow-through,aerial,adult,,female,mature,fresh body mass,milligram,0.3426,20,,,,,,,,,,uLCO2/h/ind,0.4639,
Le_Lann_et_al_2014,27-03-2023,Cecile_Le_Lann,cecile.lelann@univ-rennes1.fr,primary,https://doi.org/10.5281/zenodo.7775047,https://doi.org/10.1007/s00442-013-2810-9,,Leptopilina_heterotoma,,terrestrial,,60,,48,21,5,-1,29,16,field,,01-06-2011,31-08-2011,,yes,,,20,,,,,,,,,,yes,20,,,,,,,,,,,basal,1.5,,Carbon dioxide analyzer sable system,30,0.001,glass,2.05,intermittent flow-through,aerial,adult,,female,mature,fresh body mass,milligram,0.2625,20,,,,,,,,,,uLCO2/h/ind,0.2588,
Le_Lann_et_al_2014,27-03-2023,Cecile_Le_Lann,cecile.lelann@univ-rennes1.fr,primary,https://doi.org/10.5281/zenodo.7775047,https://doi.org/10.1007/s00442-013-2810-9,,Leptopilina_heterotoma,,terrestrial,,60,,48,21,5,-1,29,16,field,,01-06-2011,31-08-2011,,yes,,,20,,,,,,,,,,yes,20,,,,,,,,,,,basal,1.5,,Carbon dioxide analyzer sable system,30,0.001,glass,2.05,intermittent flow-through,aerial,adult,,female,mature,fresh body mass,milligram,0.3416,20,,,,,,,,,,uLCO2/h/ind,0.2012,
Le_Lann_et_al_2014,27-03-2023,Cecile_Le_Lann,cecile.lelann@univ-rennes1.fr,primary,https://doi.org/10.5281/zenodo.7775047,https://doi.org/10.1007/s00442-013-2810-9,,Leptopilina_heterotoma,,terrestrial,,60,,48,21,5,-1,29,16,field,,01-06-2011,31-08-2011,,yes,,,20,,,,,,,,,,yes,20,,,,,,,,,,,basal,1.5,,Carbon dioxide analyzer sable system,30,0.001,glass,2.05,intermittent flow-through,aerial,adult,,female,mature,fresh body mass,milligram,0.2579,20,,,,,,,,,,uLCO2/h/ind,0.1757,
Le_Lann_et_al_2014,27-03-2023,Cecile_Le_Lann,cecile.lelann@univ-rennes1.fr,primary,https://doi.org/10.5281/zenodo.7775047,https://doi.org/10.1007/s00442-013-2810-9,,Leptopilina_heterotoma,,terrestrial,,60,,48,21,5,-1,29,16,field,,01-06-2011,31-08-2011,,yes,,,20,,,,,,,,,,yes,20,,,,,,,,,,,basal,1.5,,Carbon dioxide analyzer sable system,30,0.001,glass,2.05,intermittent flow-through,aerial,adult,,female,mature,fresh body mass,milligram,0.2584,20,,,,,,,,,,uLCO2/h/ind,0.208,
Le_Lann_et_al_2014,27-03-2023,Cecile_Le_Lann,cecile.lelann@univ-rennes1.fr,primary,https://doi.org/10.5281/zenodo.7775047,https://doi.org/10.1007/s00442-013-2810-9,,Leptopilina_heterotoma,,terrestrial,,60,,48,21,5,-1,29,16,field,,01-06-2011,31-08-2011,,yes,,,20,,,,,,,,,,yes,20,,,,,,,,,,,basal,1.5,,Carbon dioxide analyzer sable system,30,0.001,glass,2.05,intermittent flow-through,aerial,adult,,female,mature,fresh body mass,milligram,0.3847,20,,,,,,,,,,uLCO2/h/ind,0.1718,
Le_Lann_et_al_2014,27-03-2023,Cecile_Le_Lann,cecile.lelann@univ-rennes1.fr,primary,https://doi.org/10.5281/zenodo.7775047,https://doi.org/10.1007/s00442-013-2810-9,,Leptopilina_heterotoma,,terrestrial,,60,,48,21,5,-1,29,16,field,,01-06-2011,31-08-2011,,yes,,,20,,,,,,,,,,yes,20,,,,,,,,,,,basal,1.5,,Carbon dioxide analyzer sable system,30,0.001,glass,2.05,intermittent flow-through,aerial,adult,,female,mature,fresh body mass,milligram,0.3178,20,,,,,,,,,,uLCO2/h/ind,0.2875,
Le_Lann_et_al_2014,27-03-2023,Cecile_Le_Lann,cecile.lelann@univ-rennes1.fr,primary,https://doi.org/10.5281/zenodo.7775047,https://doi.org/10.1007/s00442-013-2810-9,,Leptopilina_heterotoma,,terrestrial,,60,,48,21,5,-1,29,16,field,,01-06-2011,31-08-2011,,yes,,,20,,,,,,,,,,yes,20,,,,,,,,,,,basal,1.5,,Carbon dioxide analyzer sable system,30,0.001,glass,2.05,intermittent flow-through,aerial,adult,,female,mature,fresh body mass,milligram,0.4284,20,,,,,,,,,,uLCO2/h/ind,0.5032,
Le_Lann_et_al_2014,27-03-2023,Cecile_Le_Lann,cecile.lelann@univ-rennes1.fr,primary,https://doi.org/10.5281/zenodo.7775047,https://doi.org/10.1007/s00442-013-2810-9,,Leptopilina_heterotoma,,terrestrial,,60,,48,21,5,-1,29,16,field,,01-06-2011,31-08-2011,,yes,,,20,,,,,,,,,,yes,20,,,,,,,,,,,basal,1.5,,Carbon dioxide analyzer sable system,30,0.001,glass,2.05,intermittent flow-through,aerial,adult,,female,mature,fresh body mass,milligram,0.3984,20,,,,,,,,,,uLCO2/h/ind,0.1569,
Le_Lann_et_al_2014,27-03-2023,Cecile_Le_Lann,cecile.lelann@univ-rennes1.fr,primary,https://doi.org/10.5281/zenodo.7775047,https://doi.org/10.1007/s00442-013-2810-9,,Leptopilina_heterotoma,,terrestrial,,60,,48,21,5,-1,29,16,field,,01-06-2011,31-08-2011,,yes,,,20,,,,,,,,,,yes,20,,,,,,,,,,,basal,1.5,,Carbon dioxide analyzer sable system,30,0.001,glass,2.05,intermittent flow-through,aerial,adult,,female,mature,fresh body mass,milligram,0.3784,20,,,,,,,,,,uLCO2/h/ind,0.543,
Le_Lann_et_al_2014,27-03-2023,Cecile_Le_Lann,cecile.lelann@univ-rennes1.fr,primary,https://doi.org/10.5281/zenodo.7775047,https://doi.org/10.1007/s00442-013-2810-9,,Leptopilina_heterotoma,,terrestrial,,60,,48,21,5,-1,29,16,field,,01-06-2011,31-08-2011,,yes,,,20,,,,,,,,,,yes,20,,,,,,,,,,,basal,1.5,,Carbon dioxide analyzer sable system,30,0.001,glass,2.05,intermittent flow-through,aerial,adult,,female,mature,fresh body mass,milligram,0.1847,20,,,,,,,,,,uLCO2/h/ind,0.4093,
Le_Lann_et_al_2014,27-03-2023,Cecile_Le_Lann,cecile.lelann@univ-rennes1.fr,primary,https://doi.org/10.5281/zenodo.7775047,https://doi.org/10.1007/s00442-013-2810-9,,Leptopilina_heterotoma,,terrestrial,,60,,48,21,5,-1,29,16,field,,01-06-2011,31-08-2011,,yes,,,23,,,,,,,,,,yes,23,,,,,,,,,,,basal,1.5,,Carbon dioxide analyzer sable system,30,0.001,glass,2.05,intermittent flow-through,aerial,adult,,female,mature,fresh body mass,milligram,0.2351,23,,,,,,,,,,uLCO2/h/ind,0.3236,
Le_Lann_et_al_2014,27-03-2023,Cecile_Le_Lann,cecile.lelann@univ-rennes1.fr,primary,https://doi.org/10.5281/zenodo.7775047,https://doi.org/10.1007/s00442-013-2810-9,,Leptopilina_heterotoma,,terrestrial,,60,,48,21,5,-1,29,16,field,,01-06-2011,31-08-2011,,yes,,,23,,,,,,,,,,yes,23,,,,,,,,,,,basal,1.5,,Carbon dioxide analyzer sable system,30,0.001,glass,2.05,intermittent flow-through,aerial,adult,,female,mature,fresh body mass,milligram,0.1118,23,,,,,,,,,,uLCO2/h/ind,0.3684,
Le_Lann_et_al_2014,27-03-2023,Cecile_Le_Lann,cecile.lelann@univ-rennes1.fr,primary,https://doi.org/10.5281/zenodo.7775047,https://doi.org/10.1007/s00442-013-2810-9,,Leptopilina_heterotoma,,terrestrial,,60,,48,21,5,-1,29,16,field,,01-06-2011,31-08-2011,,yes,,,23,,,,,,,,,,yes,23,,,,,,,,,,,basal,1.5,,Carbon dioxide analyzer sable system,30,0.001,glass,2.05,intermittent flow-through,aerial,adult,,female,mature,fresh body mass,milligram,0.2897,23,,,,,,,,,,uLCO2/h/ind,0.4643,
Le_Lann_et_al_2014,27-03-2023,Cecile_Le_Lann,cecile.lelann@univ-rennes1.fr,primary,https://doi.org/10.5281/zenodo.7775047,https://doi.org/10.1007/s00442-013-2810-9,,Leptopilina_heterotoma,,terrestrial,,60,,48,21,5,-1,29,16,field,,01-06-2011,31-08-2011,,yes,,,23,,,,,,,,,,yes,23,,,,,,,,,,,basal,1.5,,Carbon dioxide analyzer sable system,30,0.001,glass,2.05,intermittent flow-through,aerial,adult,,female,mature,fresh body mass,milligram,0.2329,23,,,,,,,,,,uLCO2/h/ind,0.3621,
Le_Lann_et_al_2014,27-03-2023,Cecile_Le_Lann,cecile.lelann@univ-rennes1.fr,primary,https://doi.org/10.5281/zenodo.7775047,https://doi.org/10.1007/s00442-013-2810-9,,Leptopilina_heterotoma,,terrestrial,,60,,48,21,5,-1,29,16,field,,01-06-2011,31-08-2011,,yes,,,23,,,,,,,,,,yes,23,,,,,,,,,,,basal,1.5,,Carbon dioxide analyzer sable system,30,0.001,glass,2.05,intermittent flow-through,aerial,adult,,female,mature,fresh body mass,milligram,0.2214,23,,,,,,,,,,uLCO2/h/ind,0.2163,
Le_Lann_et_al_2014,27-03-2023,Cecile_Le_Lann,cecile.lelann@univ-rennes1.fr,primary,https://doi.org/10.5281/zenodo.7775047,https://doi.org/10.1007/s00442-013-2810-9,,Leptopilina_heterotoma,,terrestrial,,60,,48,21,5,-1,29,16,field,,01-06-2011,31-08-2011,,yes,,,23,,,,,,,,,,yes,23,,,,,,,,,,,basal,1.5,,Carbon dioxide analyzer sable system,30,0.001,glass,2.05,intermittent flow-through,aerial,adult,,female,mature,fresh body mass,milligram,0.2188,23,,,,,,,,,,uLCO2/h/ind,0.6724,
Le_Lann_et_al_2014,27-03-2023,Cecile_Le_Lann,cecile.lelann@univ-rennes1.fr,primary,https://doi.org/10.5281/zenodo.7775047,https://doi.org/10.1007/s00442-013-2810-9,,Leptopilina_heterotoma,,terrestrial,,60,,48,21,5,-1,29,16,field,,01-06-2011,31-08-2011,,yes,,,23,,,,,,,,,,yes,23,,,,,,,,,,,basal,1.5,,Carbon dioxide analyzer sable system,30,0.001,glass,2.05,intermittent flow-through,aerial,adult,,female,mature,fresh body mass,milligram,0.302,23,,,,,,,,,,uLCO2/h/ind,0.4561,
Le_Lann_et_al_2014,27-03-2023,Cecile_Le_Lann,cecile.lelann@univ-rennes1.fr,primary,https://doi.org/10.5281/zenodo.7775047,https://doi.org/10.1007/s00442-013-2810-9,,Leptopilina_heterotoma,,terrestrial,,60,,48,21,5,-1,29,16,field,,01-06-2011,31-08-2011,,yes,,,23,,,,,,,,,,yes,23,,,,,,,,,,,basal,1.5,,Carbon dioxide analyzer sable system,30,0.001,glass,2.05,intermittent flow-through,aerial,adult,,female,mature,fresh body mass,milligram,0.3049,23,,,,,,,,,,uLCO2/h/ind,0.4461,
Le_Lann_et_al_2014,27-03-2023,Cecile_Le_Lann,cecile.lelann@univ-rennes1.fr,primary,https://doi.org/10.5281/zenodo.7775047,https://doi.org/10.1007/s00442-013-2810-9,,Leptopilina_heterotoma,,terrestrial,,60,,48,21,5,-1,29,16,field,,01-06-2011,31-08-2011,,yes,,,23,,,,,,,,,,yes,23,,,,,,,,,,,basal,1.5,,Carbon dioxide analyzer sable system,30,0.001,glass,2.05,intermittent flow-through,aerial,adult,,female,mature,fresh body mass,milligram,0.2168,23,,,,,,,,,,uLCO2/h/ind,0.335,
Le_Lann_et_al_2014,27-03-2023,Cecile_Le_Lann,cecile.lelann@univ-rennes1.fr,primary,https://doi.org/10.5281/zenodo.7775047,https://doi.org/10.1007/s00442-013-2810-9,,Leptopilina_heterotoma,,terrestrial,,60,,48,21,5,-1,29,16,field,,01-06-2011,31-08-2011,,yes,,,23,,,,,,,,,,yes,23,,,,,,,,,,,basal,1.5,,Carbon dioxide analyzer sable system,30,0.001,glass,2.05,intermittent flow-through,aerial,adult,,female,mature,fresh body mass,milligram,0.2588,23,,,,,,,,,,uLCO2/h/ind,0.4056,
Le_Lann_et_al_2014,27-03-2023,Cecile_Le_Lann,cecile.lelann@univ-rennes1.fr,primary,https://doi.org/10.5281/zenodo.7775047,https://doi.org/10.1007/s00442-013-2810-9,,Leptopilina_heterotoma,,terrestrial,,60,,48,21,5,-1,29,16,field,,01-06-2011,31-08-2011,,yes,,,23,,,,,,,,,,yes,23,,,,,,,,,,,basal,1.5,,Carbon dioxide analyzer sable system,30,0.001,glass,2.05,intermittent flow-through,aerial,adult,,female,mature,fresh body mass,milligram,0.4388,23,,,,,,,,,,uLCO2/h/ind,0.4265,
Le_Lann_et_al_2014,27-03-2023,Cecile_Le_Lann,cecile.lelann@univ-rennes1.fr,primary,https://doi.org/10.5281/zenodo.7775047,https://doi.org/10.1007/s00442-013-2810-9,,Leptopilina_heterotoma,,terrestrial,,60,,48,21,5,-1,29,16,field,,01-06-2011,31-08-2011,,yes,,,23,,,,,,,,,,yes,23,,,,,,,,,,,basal,1.5,,Carbon dioxide analyzer sable system,30,0.001,glass,2.05,intermittent flow-through,aerial,adult,,female,mature,fresh body mass,milligram,0.289,23,,,,,,,,,,uLCO2/h/ind,0.9461,
Le_Lann_et_al_2014,27-03-2023,Cecile_Le_Lann,cecile.lelann@univ-rennes1.fr,primary,https://doi.org/10.5281/zenodo.7775047,https://doi.org/10.1007/s00442-013-2810-9,,Leptopilina_heterotoma,,terrestrial,,60,,48,21,5,-1,29,16,field,,01-06-2011,31-08-2011,,yes,,,23,,,,,,,,,,yes,23,,,,,,,,,,,basal,1.5,,Carbon dioxide analyzer sable system,30,0.001,glass,2.05,intermittent flow-through,aerial,adult,,female,mature,fresh body mass,milligram,0.291,23,,,,,,,,,,uLCO2/h/ind,1.0732,
Le_Lann_et_al_2014,27-03-2023,Cecile_Le_Lann,cecile.lelann@univ-rennes1.fr,primary,https://doi.org/10.5281/zenodo.7775047,https://doi.org/10.1007/s00442-013-2810-9,,Leptopilina_heterotoma,,terrestrial,,60,,48,21,5,-1,29,16,field,,01-06-2011,31-08-2011,,yes,,,23,,,,,,,,,,yes,23,,,,,,,,,,,basal,1.5,,Carbon dioxide analyzer sable system,30,0.001,glass,2.05,intermittent flow-through,aerial,adult,,female,mature,fresh body mass,milligram,0.2935,23,,,,,,,,,,uLCO2/h/ind,0.2826,
Le_Lann_et_al_2014,27-03-2023,Cecile_Le_Lann,cecile.lelann@univ-rennes1.fr,primary,https://doi.org/10.5281/zenodo.7775047,https://doi.org/10.1007/s00442-013-2810-9,,Leptopilina_heterotoma,,terrestrial,,60,,48,21,5,-1,29,16,field,,01-06-2011,31-08-2011,,yes,,,23,,,,,,,,,,yes,23,,,,,,,,,,,basal,1.5,,Carbon dioxide analyzer sable system,30,0.001,glass,2.05,intermittent flow-through,aerial,adult,,female,mature,fresh body mass,milligram,0.31,23,,,,,,,,,,uLCO2/h/ind,0.5487,
Le_Lann_et_al_2014,27-03-2023,Cecile_Le_Lann,cecile.lelann@univ-rennes1.fr,primary,https://doi.org/10.5281/zenodo.7775047,https://doi.org/10.1007/s00442-013-2810-9,,Leptopilina_heterotoma,,terrestrial,,60,,48,21,5,-1,29,16,field,,01-06-2011,31-08-2011,,yes,,,23,,,,,,,,,,yes,23,,,,,,,,,,,basal,1.5,,Carbon dioxide analyzer sable system,30,0.001,glass,2.05,intermittent flow-through,aerial,adult,,female,mature,fresh body mass,milligram,0.299,23,,,,,,,,,,uLCO2/h/ind,0.4763,
Le_Lann_et_al_2014,27-03-2023,Cecile_Le_Lann,cecile.lelann@univ-rennes1.fr,primary,https://doi.org/10.5281/zenodo.7775047,https://doi.org/10.1007/s00442-013-2810-9,,Leptopilina_heterotoma,,terrestrial,,60,,48,21,5,-1,29,16,field,,01-06-2011,31-08-2011,,yes,,,23,,,,,,,,,,yes,23,,,,,,,,,,,basal,1.5,,Carbon dioxide analyzer sable system,30,0.001,glass,2.05,intermittent flow-through,aerial,adult,,female,mature,fresh body mass,milligram,0.316,23,,,,,,,,,,uLCO2/h/ind,0.7808,
Le_Lann_et_al_2014,27-03-2023,Cecile_Le_Lann,cecile.lelann@univ-rennes1.fr,primary,https://doi.org/10.5281/zenodo.7775047,https://doi.org/10.1007/s00442-013-2810-9,,Leptopilina_heterotoma,,terrestrial,,60,,48,21,5,-1,29,16,field,,01-06-2011,31-08-2011,,yes,,,23,,,,,,,,,,yes,23,,,,,,,,,,,basal,1.5,,Carbon dioxide analyzer sable system,30,0.001,glass,2.05,intermittent flow-through,aerial,adult,,female,mature,fresh body mass,milligram,0.307,23,,,,,,,,,,uLCO2/h/ind,0.4288,
Le_Lann_et_al_2014,27-03-2023,Cecile_Le_Lann,cecile.lelann@univ-rennes1.fr,primary,https://doi.org/10.5281/zenodo.7775047,https://doi.org/10.1007/s00442-013-2810-9,,Leptopilina_heterotoma,,terrestrial,,60,,48,21,5,-1,29,16,field,,01-06-2011,31-08-2011,,yes,,,23,,,,,,,,,,yes,23,,,,,,,,,,,basal,1.5,,Carbon dioxide analyzer sable system,30,0.001,glass,2.05,intermittent flow-through,aerial,adult,,female,mature,fresh body mass,milligram,0.2889,23,,,,,,,,,,uLCO2/h/ind,0.3688,
Le_Lann_et_al_2014,27-03-2023,Cecile_Le_Lann,cecile.lelann@univ-rennes1.fr,primary,https://doi.org/10.5281/zenodo.7775047,https://doi.org/10.1007/s00442-013-2810-9,,Spalangia_erythromera,,terrestrial,,60,,48,21,5,-1,29,16,field,,01-06-2011,31-08-2011,,yes,,,20,,,,,,,,,,yes,20,,,,,,,,,,,basal,1.5,,Carbon dioxide analyzer sable system,30,0.001,glass,2.05,intermittent flow-through,aerial,adult,,female,mature,fresh body mass,milligram,0.197,20,,,,,,,,,,uLCO2/h/ind,0.5221,
Le_Lann_et_al_2014,27-03-2023,Cecile_Le_Lann,cecile.lelann@univ-rennes1.fr,primary,https://doi.org/10.5281/zenodo.7775047,https://doi.org/10.1007/s00442-013-2810-9,,Spalangia_erythromera,,terrestrial,,60,,48,21,5,-1,29,16,field,,01-06-2011,31-08-2011,,yes,,,20,,,,,,,,,,yes,20,,,,,,,,,,,basal,1.5,,Carbon dioxide analyzer sable system,30,0.001,glass,2.05,intermittent flow-through,aerial,adult,,female,mature,fresh body mass,milligram,0.2372,20,,,,,,,,,,uLCO2/h/ind,1.4108,
Le_Lann_et_al_2014,27-03-2023,Cecile_Le_Lann,cecile.lelann@univ-rennes1.fr,primary,https://doi.org/10.5281/zenodo.7775047,https://doi.org/10.1007/s00442-013-2810-9,,Spalangia_erythromera,,terrestrial,,60,,48,21,5,-1,29,16,field,,01-06-2011,31-08-2011,,yes,,,20,,,,,,,,,,yes,20,,,,,,,,,,,basal,1.5,,Carbon dioxide analyzer sable system,30,0.001,glass,2.05,intermittent flow-through,aerial,adult,,female,mature,fresh body mass,milligram,0.2064,20,,,,,,,,,,uLCO2/h/ind,0.3642,
Le_Lann_et_al_2014,27-03-2023,Cecile_Le_Lann,cecile.lelann@univ-rennes1.fr,primary,https://doi.org/10.5281/zenodo.7775047,https://doi.org/10.1007/s00442-013-2810-9,,Spalangia_erythromera,,terrestrial,,60,,48,21,5,-1,29,16,field,,01-06-2011,31-08-2011,,yes,,,20,,,,,,,,,,yes,20,,,,,,,,,,,basal,1.5,,Carbon dioxide analyzer sable system,30,0.001,glass,2.05,intermittent flow-through,aerial,adult,,female,mature,fresh body mass,milligram,0.0801,20,,,,,,,,,,uLCO2/h/ind,0.1839,
Le_Lann_et_al_2014,27-03-2023,Cecile_Le_Lann,cecile.lelann@univ-rennes1.fr,primary,https://doi.org/10.5281/zenodo.7775047,https://doi.org/10.1007/s00442-013-2810-9,,Spalangia_erythromera,,terrestrial,,60,,48,21,5,-1,29,16,field,,01-06-2011,31-08-2011,,yes,,,20,,,,,,,,,,yes,20,,,,,,,,,,,basal,1.5,,Carbon dioxide analyzer sable system,30,0.001,glass,2.05,intermittent flow-through,aerial,adult,,female,mature,fresh body mass,milligram,0.1883,20,,,,,,,,,,uLCO2/h/ind,0.8697,
Le_Lann_et_al_2014,27-03-2023,Cecile_Le_Lann,cecile.lelann@univ-rennes1.fr,primary,https://doi.org/10.5281/zenodo.7775047,https://doi.org/10.1007/s00442-013-2810-9,,Spalangia_erythromera,,terrestrial,,60,,48,21,5,-1,29,16,field,,01-06-2011,31-08-2011,,yes,,,20,,,,,,,,,,yes,20,,,,,,,,,,,basal,1.5,,Carbon dioxide analyzer sable system,30,0.001,glass,2.05,intermittent flow-through,aerial,adult,,female,mature,fresh body mass,milligram,0.1331,20,,,,,,,,,,uLCO2/h/ind,0.3302,
Le_Lann_et_al_2014,27-03-2023,Cecile_Le_Lann,cecile.lelann@univ-rennes1.fr,primary,https://doi.org/10.5281/zenodo.7775047,https://doi.org/10.1007/s00442-013-2810-9,,Spalangia_erythromera,,terrestrial,,60,,48,21,5,-1,29,16,field,,01-06-2011,31-08-2011,,yes,,,20,,,,,,,,,,yes,20,,,,,,,,,,,basal,1.5,,Carbon dioxide analyzer sable system,30,0.001,glass,2.05,intermittent flow-through,aerial,adult,,female,mature,fresh body mass,milligram,0.1538,20,,,,,,,,,,uLCO2/h/ind,0.6851,
Le_Lann_et_al_2014,27-03-2023,Cecile_Le_Lann,cecile.lelann@univ-rennes1.fr,primary,https://doi.org/10.5281/zenodo.7775047,https://doi.org/10.1007/s00442-013-2810-9,,Spalangia_erythromera,,terrestrial,,60,,48,21,5,-1,29,16,field,,01-06-2011,31-08-2011,,yes,,,20,,,,,,,,,,yes,20,,,,,,,,,,,basal,1.5,,Carbon dioxide analyzer sable system,30,0.001,glass,2.05,intermittent flow-through,aerial,adult,,female,mature,fresh body mass,milligram,0.1354,20,,,,,,,,,,uLCO2/h/ind,0.4973,
Le_Lann_et_al_2014,27-03-2023,Cecile_Le_Lann,cecile.lelann@univ-rennes1.fr,primary,https://doi.org/10.5281/zenodo.7775047,https://doi.org/10.1007/s00442-013-2810-9,,Spalangia_erythromera,,terrestrial,,60,,48,21,5,-1,29,16,field,,01-06-2011,31-08-2011,,yes,,,20,,,,,,,,,,yes,20,,,,,,,,,,,basal,1.5,,Carbon dioxide analyzer sable system,30,0.001,glass,2.05,intermittent flow-through,aerial,adult,,female,mature,fresh body mass,milligram,0.1794,20,,,,,,,,,,uLCO2/h/ind,1.4087,
Le_Lann_et_al_2014,27-03-2023,Cecile_Le_Lann,cecile.lelann@univ-rennes1.fr,primary,https://doi.org/10.5281/zenodo.7775047,https://doi.org/10.1007/s00442-013-2810-9,,Spalangia_erythromera,,terrestrial,,60,,48,21,5,-1,29,16,field,,01-06-2011,31-08-2011,,yes,,,20,,,,,,,,,,yes,20,,,,,,,,,,,basal,1.5,,Carbon dioxide analyzer sable system,30,0.001,glass,2.05,intermittent flow-through,aerial,adult,,female,mature,fresh body mass,milligram,0.0895,20,,,,,,,,,,uLCO2/h/ind,0.4408,
Le_Lann_et_al_2014,27-03-2023,Cecile_Le_Lann,cecile.lelann@univ-rennes1.fr,primary,https://doi.org/10.5281/zenodo.7775047,https://doi.org/10.1007/s00442-013-2810-9,,Spalangia_erythromera,,terrestrial,,60,,48,21,5,-1,29,16,field,,01-06-2011,31-08-2011,,yes,,,20,,,,,,,,,,yes,20,,,,,,,,,,,basal,1.5,,Carbon dioxide analyzer sable system,30,0.001,glass,2.05,intermittent flow-through,aerial,adult,,female,mature,fresh body mass,milligram,0.2072,20,,,,,,,,,,uLCO2/h/ind,1.1684,
Le_Lann_et_al_2014,27-03-2023,Cecile_Le_Lann,cecile.lelann@univ-rennes1.fr,primary,https://doi.org/10.5281/zenodo.7775047,https://doi.org/10.1007/s00442-013-2810-9,,Spalangia_erythromera,,terrestrial,,60,,48,21,5,-1,29,16,field,,01-06-2011,31-08-2011,,yes,,,20,,,,,,,,,,yes,20,,,,,,,,,,,basal,1.5,,Carbon dioxide analyzer sable system,30,0.001,glass,2.05,intermittent flow-through,aerial,adult,,female,mature,fresh body mass,milligram,0.2053,20,,,,,,,,,,uLCO2/h/ind,0.7429,
Le_Lann_et_al_2014,27-03-2023,Cecile_Le_Lann,cecile.lelann@univ-rennes1.fr,primary,https://doi.org/10.5281/zenodo.7775047,https://doi.org/10.1007/s00442-013-2810-9,,Spalangia_erythromera,,terrestrial,,60,,48,21,5,-1,29,16,field,,01-06-2011,31-08-2011,,yes,,,20,,,,,,,,,,yes,20,,,,,,,,,,,basal,1.5,,Carbon dioxide analyzer sable system,30,0.001,glass,2.05,intermittent flow-through,aerial,adult,,female,mature,fresh body mass,milligram,0.1827,20,,,,,,,,,,uLCO2/h/ind,0.4646,
Le_Lann_et_al_2014,27-03-2023,Cecile_Le_Lann,cecile.lelann@univ-rennes1.fr,primary,https://doi.org/10.5281/zenodo.7775047,https://doi.org/10.1007/s00442-013-2810-9,,Spalangia_erythromera,,terrestrial,,60,,48,21,5,-1,29,16,field,,01-06-2011,31-08-2011,,yes,,,20,,,,,,,,,,yes,20,,,,,,,,,,,basal,1.5,,Carbon dioxide analyzer sable system,30,0.001,glass,2.05,intermittent flow-through,aerial,adult,,female,mature,fresh body mass,milligram,0.2575,20,,,,,,,,,,uLCO2/h/ind,0.4382,
Le_Lann_et_al_2014,27-03-2023,Cecile_Le_Lann,cecile.lelann@univ-rennes1.fr,primary,https://doi.org/10.5281/zenodo.7775047,https://doi.org/10.1007/s00442-013-2810-9,,Spalangia_erythromera,,terrestrial,,60,,48,21,5,-1,29,16,field,,01-06-2011,31-08-2011,,yes,,,20,,,,,,,,,,yes,20,,,,,,,,,,,basal,1.5,,Carbon dioxide analyzer sable system,30,0.001,glass,2.05,intermittent flow-through,aerial,adult,,female,mature,fresh body mass,milligram,0.1195,20,,,,,,,,,,uLCO2/h/ind,0.6327,
Le_Lann_et_al_2014,27-03-2023,Cecile_Le_Lann,cecile.lelann@univ-rennes1.fr,primary,https://doi.org/10.5281/zenodo.7775047,https://doi.org/10.1007/s00442-013-2810-9,,Spalangia_erythromera,,terrestrial,,60,,48,21,5,-1,29,16,field,,01-06-2011,31-08-2011,,yes,,,20,,,,,,,,,,yes,20,,,,,,,,,,,basal,1.5,,Carbon dioxide analyzer sable system,30,0.001,glass,2.05,intermittent flow-through,aerial,adult,,female,mature,fresh body mass,milligram,0.1801,20,,,,,,,,,,uLCO2/h/ind,1.0888,
Le_Lann_et_al_2014,27-03-2023,Cecile_Le_Lann,cecile.lelann@univ-rennes1.fr,primary,https://doi.org/10.5281/zenodo.7775047,https://doi.org/10.1007/s00442-013-2810-9,,Spalangia_erythromera,,terrestrial,,60,,48,21,5,-1,29,16,field,,01-06-2011,31-08-2011,,yes,,,20,,,,,,,,,,yes,20,,,,,,,,,,,basal,1.5,,Carbon dioxide analyzer sable system,30,0.001,glass,2.05,intermittent flow-through,aerial,adult,,female,mature,fresh body mass,milligram,0.1532,20,,,,,,,,,,uLCO2/h/ind,0.5476,
Le_Lann_et_al_2014,27-03-2023,Cecile_Le_Lann,cecile.lelann@univ-rennes1.fr,primary,https://doi.org/10.5281/zenodo.7775047,https://doi.org/10.1007/s00442-013-2810-9,,Spalangia_erythromera,,terrestrial,,60,,48,21,5,-1,29,16,field,,01-06-2011,31-08-2011,,yes,,,20,,,,,,,,,,yes,20,,,,,,,,,,,basal,1.5,,Carbon dioxide analyzer sable system,30,0.001,glass,2.05,intermittent flow-through,aerial,adult,,female,mature,fresh body mass,milligram,0.1564,20,,,,,,,,,,uLCO2/h/ind,0.7357,
Le_Lann_et_al_2014,27-03-2023,Cecile_Le_Lann,cecile.lelann@univ-rennes1.fr,primary,https://doi.org/10.5281/zenodo.7775047,https://doi.org/10.1007/s00442-013-2810-9,,Spalangia_erythromera,,terrestrial,,60,,48,21,5,-1,29,16,field,,01-06-2011,31-08-2011,,yes,,,20,,,,,,,,,,yes,20,,,,,,,,,,,basal,1.5,,Carbon dioxide analyzer sable system,30,0.001,glass,2.05,intermittent flow-through,aerial,adult,,female,mature,fresh body mass,milligram,0.1752,20,,,,,,,,,,uLCO2/h/ind,0.9439,
Le_Lann_et_al_2014,27-03-2023,Cecile_Le_Lann,cecile.lelann@univ-rennes1.fr,primary,https://doi.org/10.5281/zenodo.7775047,https://doi.org/10.1007/s00442-013-2810-9,,Spalangia_erythromera,,terrestrial,,60,,48,21,5,-1,29,16,field,,01-06-2011,31-08-2011,,yes,,,20,,,,,,,,,,yes,20,,,,,,,,,,,basal,1.5,,Carbon dioxide analyzer sable system,30,0.001,glass,2.05,intermittent flow-through,aerial,adult,,female,mature,fresh body mass,milligram,0.115,20,,,,,,,,,,uLCO2/h/ind,0.4767,
Le_Lann_et_al_2014,27-03-2023,Cecile_Le_Lann,cecile.lelann@univ-rennes1.fr,primary,https://doi.org/10.5281/zenodo.7775047,https://doi.org/10.1007/s00442-013-2810-9,,Spalangia_erythromera,,terrestrial,,60,,48,21,5,-1,29,16,field,,01-06-2011,31-08-2011,,yes,,,23,,,,,,,,,,yes,23,,,,,,,,,,,basal,1.5,,Carbon dioxide analyzer sable system,30,0.001,glass,2.05,intermittent flow-through,aerial,adult,,female,mature,fresh body mass,milligram,0.1727,23,,,,,,,,,,uLCO2/h/ind,1.1375,
Le_Lann_et_al_2014,27-03-2023,Cecile_Le_Lann,cecile.lelann@univ-rennes1.fr,primary,https://doi.org/10.5281/zenodo.7775047,https://doi.org/10.1007/s00442-013-2810-9,,Spalangia_erythromera,,terrestrial,,60,,48,21,5,-1,29,16,field,,01-06-2011,31-08-2011,,yes,,,23,,,,,,,,,,yes,23,,,,,,,,,,,basal,1.5,,Carbon dioxide analyzer sable system,30,0.001,glass,2.05,intermittent flow-through,aerial,adult,,female,mature,fresh body mass,milligram,0.1512,23,,,,,,,,,,uLCO2/h/ind,0.3458,
Le_Lann_et_al_2014,27-03-2023,Cecile_Le_Lann,cecile.lelann@univ-rennes1.fr,primary,https://doi.org/10.5281/zenodo.7775047,https://doi.org/10.1007/s00442-013-2810-9,,Spalangia_erythromera,,terrestrial,,60,,48,21,5,-1,29,16,field,,01-06-2011,31-08-2011,,yes,,,23,,,,,,,,,,yes,23,,,,,,,,,,,basal,1.5,,Carbon dioxide analyzer sable system,30,0.001,glass,2.05,intermittent flow-through,aerial,adult,,female,mature,fresh body mass,milligram,0.1877,23,,,,,,,,,,uLCO2/h/ind,0.6136,
Le_Lann_et_al_2014,27-03-2023,Cecile_Le_Lann,cecile.lelann@univ-rennes1.fr,primary,https://doi.org/10.5281/zenodo.7775047,https://doi.org/10.1007/s00442-013-2810-9,,Spalangia_erythromera,,terrestrial,,60,,48,21,5,-1,29,16,field,,01-06-2011,31-08-2011,,yes,,,23,,,,,,,,,,yes,23,,,,,,,,,,,basal,1.5,,Carbon dioxide analyzer sable system,30,0.001,glass,2.05,intermittent flow-through,aerial,adult,,female,mature,fresh body mass,milligram,0.1593,23,,,,,,,,,,uLCO2/h/ind,0.3502,
Le_Lann_et_al_2014,27-03-2023,Cecile_Le_Lann,cecile.lelann@univ-rennes1.fr,primary,https://doi.org/10.5281/zenodo.7775047,https://doi.org/10.1007/s00442-013-2810-9,,Spalangia_erythromera,,terrestrial,,60,,48,21,5,-1,29,16,field,,01-06-2011,31-08-2011,,yes,,,23,,,,,,,,,,yes,23,,,,,,,,,,,basal,1.5,,Carbon dioxide analyzer sable system,30,0.001,glass,2.05,intermittent flow-through,aerial,adult,,female,mature,fresh body mass,milligram,0.2488,23,,,,,,,,,,uLCO2/h/ind,0.2503,
Le_Lann_et_al_2014,27-03-2023,Cecile_Le_Lann,cecile.lelann@univ-rennes1.fr,primary,https://doi.org/10.5281/zenodo.7775047,https://doi.org/10.1007/s00442-013-2810-9,,Spalangia_erythromera,,terrestrial,,60,,48,21,5,-1,29,16,field,,01-06-2011,31-08-2011,,yes,,,23,,,,,,,,,,yes,23,,,,,,,,,,,basal,1.5,,Carbon dioxide analyzer sable system,30,0.001,glass,2.05,intermittent flow-through,aerial,adult,,female,mature,fresh body mass,milligram,0.1806,23,,,,,,,,,,uLCO2/h/ind,0.2503,
Le_Lann_et_al_2014,27-03-2023,Cecile_Le_Lann,cecile.lelann@univ-rennes1.fr,primary,https://doi.org/10.5281/zenodo.7775047,https://doi.org/10.1007/s00442-013-2810-9,,Spalangia_erythromera,,terrestrial,,60,,48,21,5,-1,29,16,field,,01-06-2011,31-08-2011,,yes,,,23,,,,,,,,,,yes,23,,,,,,,,,,,basal,1.5,,Carbon dioxide analyzer sable system,30,0.001,glass,2.05,intermittent flow-through,aerial,adult,,female,mature,fresh body mass,milligram,0.0796,23,,,,,,,,,,uLCO2/h/ind,0.6099,
Le_Lann_et_al_2014,27-03-2023,Cecile_Le_Lann,cecile.lelann@univ-rennes1.fr,primary,https://doi.org/10.5281/zenodo.7775047,https://doi.org/10.1007/s00442-013-2810-9,,Spalangia_erythromera,,terrestrial,,60,,48,21,5,-1,29,16,field,,01-06-2011,31-08-2011,,yes,,,23,,,,,,,,,,yes,23,,,,,,,,,,,basal,1.5,,Carbon dioxide analyzer sable system,30,0.001,glass,2.05,intermittent flow-through,aerial,adult,,female,mature,fresh body mass,milligram,0.1583,23,,,,,,,,,,uLCO2/h/ind,0.5913,
Le_Lann_et_al_2014,27-03-2023,Cecile_Le_Lann,cecile.lelann@univ-rennes1.fr,primary,https://doi.org/10.5281/zenodo.7775047,https://doi.org/10.1007/s00442-013-2810-9,,Spalangia_erythromera,,terrestrial,,60,,48,21,5,-1,29,16,field,,01-06-2011,31-08-2011,,yes,,,23,,,,,,,,,,yes,23,,,,,,,,,,,basal,1.5,,Carbon dioxide analyzer sable system,30,0.001,glass,2.05,intermittent flow-through,aerial,adult,,female,mature,fresh body mass,milligram,0.1304,23,,,,,,,,,,uLCO2/h/ind,0.7141,
Le_Lann_et_al_2014,27-03-2023,Cecile_Le_Lann,cecile.lelann@univ-rennes1.fr,primary,https://doi.org/10.5281/zenodo.7775047,https://doi.org/10.1007/s00442-013-2810-9,,Spalangia_erythromera,,terrestrial,,60,,48,21,5,-1,29,16,field,,01-06-2011,31-08-2011,,yes,,,23,,,,,,,,,,yes,23,,,,,,,,,,,basal,1.5,,Carbon dioxide analyzer sable system,30,0.001,glass,2.05,intermittent flow-through,aerial,adult,,female,mature,fresh body mass,milligram,0.2835,23,,,,,,,,,,uLCO2/h/ind,0.5139,
Le_Lann_et_al_2014,27-03-2023,Cecile_Le_Lann,cecile.lelann@univ-rennes1.fr,primary,https://doi.org/10.5281/zenodo.7775047,https://doi.org/10.1007/s00442-013-2810-9,,Spalangia_erythromera,,terrestrial,,60,,48,21,5,-1,29,16,field,,01-06-2011,31-08-2011,,yes,,,23,,,,,,,,,,yes,23,,,,,,,,,,,basal,1.5,,Carbon dioxide analyzer sable system,30,0.001,glass,2.05,intermittent flow-through,aerial,adult,,female,mature,fresh body mass,milligram,0.259,23,,,,,,,,,,uLCO2/h/ind,1.3097,
Le_Lann_et_al_2014,27-03-2023,Cecile_Le_Lann,cecile.lelann@univ-rennes1.fr,primary,https://doi.org/10.5281/zenodo.7775047,https://doi.org/10.1007/s00442-013-2810-9,,Spalangia_erythromera,,terrestrial,,60,,48,21,5,-1,29,16,field,,01-06-2011,31-08-2011,,yes,,,23,,,,,,,,,,yes,23,,,,,,,,,,,basal,1.5,,Carbon dioxide analyzer sable system,30,0.001,glass,2.05,intermittent flow-through,aerial,adult,,female,mature,fresh body mass,milligram,0.2492,23,,,,,,,,,,uLCO2/h/ind,0.3697,
Le_Lann_et_al_2014,27-03-2023,Cecile_Le_Lann,cecile.lelann@univ-rennes1.fr,primary,https://doi.org/10.5281/zenodo.7775047,https://doi.org/10.1007/s00442-013-2810-9,,Spalangia_erythromera,,terrestrial,,60,,48,21,5,-1,29,16,field,,01-06-2011,31-08-2011,,yes,,,23,,,,,,,,,,yes,23,,,,,,,,,,,basal,1.5,,Carbon dioxide analyzer sable system,30,0.001,glass,2.05,intermittent flow-through,aerial,adult,,female,mature,fresh body mass,milligram,0.2012,23,,,,,,,,,,uLCO2/h/ind,0.7486,
Le_Lann_et_al_2014,27-03-2023,Cecile_Le_Lann,cecile.lelann@univ-rennes1.fr,primary,https://doi.org/10.5281/zenodo.7775047,https://doi.org/10.1007/s00442-013-2810-9,,Spalangia_erythromera,,terrestrial,,60,,48,21,5,-1,29,16,field,,01-06-2011,31-08-2011,,yes,,,23,,,,,,,,,,yes,23,,,,,,,,,,,basal,1.5,,Carbon dioxide analyzer sable system,30,0.001,glass,2.05,intermittent flow-through,aerial,adult,,female,mature,fresh body mass,milligram,0.1974,23,,,,,,,,,,uLCO2/h/ind,0.6225,
Le_Lann_et_al_2014,27-03-2023,Cecile_Le_Lann,cecile.lelann@univ-rennes1.fr,primary,https://doi.org/10.5281/zenodo.7775047,https://doi.org/10.1007/s00442-013-2810-9,,Spalangia_erythromera,,terrestrial,,60,,48,21,5,-1,29,16,field,,01-06-2011,31-08-2011,,yes,,,23,,,,,,,,,,yes,23,,,,,,,,,,,basal,1.5,,Carbon dioxide analyzer sable system,30,0.001,glass,2.05,intermittent flow-through,aerial,adult,,female,mature,fresh body mass,milligram,0.1955,23,,,,,,,,,,uLCO2/h/ind,0.4766,
Le_Lann_et_al_2014,27-03-2023,Cecile_Le_Lann,cecile.lelann@univ-rennes1.fr,primary,https://doi.org/10.5281/zenodo.7775047,https://doi.org/10.1007/s00442-013-2810-9,,Spalangia_erythromera,,terrestrial,,60,,48,21,5,-1,29,16,field,,01-06-2011,31-08-2011,,yes,,,23,,,,,,,,,,yes,23,,,,,,,,,,,basal,1.5,,Carbon dioxide analyzer sable system,30,0.001,glass,2.05,intermittent flow-through,aerial,adult,,female,mature,fresh body mass,milligram,0.1825,23,,,,,,,,,,uLCO2/h/ind,0.3101,
Le_Lann_et_al_2014,27-03-2023,Cecile_Le_Lann,cecile.lelann@univ-rennes1.fr,primary,https://doi.org/10.5281/zenodo.7775047,https://doi.org/10.1007/s00442-013-2810-9,,Spalangia_erythromera,,terrestrial,,60,,48,21,5,-1,29,16,field,,01-06-2011,31-08-2011,,yes,,,23,,,,,,,,,,yes,23,,,,,,,,,,,basal,1.5,,Carbon dioxide analyzer sable system,30,0.001,glass,2.05,intermittent flow-through,aerial,adult,,female,mature,fresh body mass,milligram,0.1795,23,,,,,,,,,,uLCO2/h/ind,0.593,
Le_Lann_et_al_2014,27-03-2023,Cecile_Le_Lann,cecile.lelann@univ-rennes1.fr,primary,https://doi.org/10.5281/zenodo.7775047,https://doi.org/10.1007/s00442-013-2810-9,,Spalangia_erythromera,,terrestrial,,60,,48,21,5,-1,29,16,field,,01-06-2011,31-08-2011,,yes,,,23,,,,,,,,,,yes,23,,,,,,,,,,,basal,1.5,,Carbon dioxide analyzer sable system,30,0.001,glass,2.05,intermittent flow-through,aerial,adult,,female,mature,fresh body mass,milligram,0.2217,23,,,,,,,,,,uLCO2/h/ind,0.8465,
Le_Lann_et_al_2014,27-03-2023,Cecile_Le_Lann,cecile.lelann@univ-rennes1.fr,primary,https://doi.org/10.5281/zenodo.7775047,https://doi.org/10.1007/s00442-013-2810-9,,Spalangia_erythromera,,terrestrial,,60,,48,21,5,-1,29,16,field,,01-06-2011,31-08-2011,,yes,,,23,,,,,,,,,,yes,23,,,,,,,,,,,basal,1.5,,Carbon dioxide analyzer sable system,30,0.001,glass,2.05,intermittent flow-through,aerial,adult,,female,mature,fresh body mass,milligram,0.2701,23,,,,,,,,,,uLCO2/h/ind,0.2966,
Le_Lann_et_al_2014,27-03-2023,Cecile_Le_Lann,cecile.lelann@univ-rennes1.fr,primary,https://doi.org/10.5281/zenodo.7775047,https://doi.org/10.1007/s00442-013-2810-9,,Spalangia_erythromera,,terrestrial,,60,,48,21,5,-1,29,16,field,,01-06-2011,31-08-2011,,yes,,,23,,,,,,,,,,yes,23,,,,,,,,,,,basal,1.5,,Carbon dioxide analyzer sable system,30,0.001,glass,2.05,intermittent flow-through,aerial,adult,,female,mature,fresh body mass,milligram,0.2866,23,,,,,,,,,,uLCO2/h/ind,0.5017,
Le_Lann_et_al_2014,27-03-2023,Cecile_Le_Lann,cecile.lelann@univ-rennes1.fr,primary,https://doi.org/10.5281/zenodo.7775047,https://doi.org/10.1007/s00442-013-2810-9,,Trichopria_drosophilae,,terrestrial,,60,,48,21,5,-1,29,16,field,,01-06-2011,31-08-2011,,yes,,,20,,,,,,,,,,yes,20,,,,,,,,,,,basal,1.5,,Carbon dioxide analyzer sable system,30,0.001,glass,2.05,intermittent flow-through,aerial,adult,,female,mature,fresh body mass,milligram,0.2217,20,,,,,,,,,,uLCO2/h/ind,0.1264,
Le_Lann_et_al_2014,27-03-2023,Cecile_Le_Lann,cecile.lelann@univ-rennes1.fr,primary,https://doi.org/10.5281/zenodo.7775047,https://doi.org/10.1007/s00442-013-2810-9,,Trichopria_drosophilae,,terrestrial,,60,,48,21,5,-1,29,16,field,,01-06-2011,31-08-2011,,yes,,,20,,,,,,,,,,yes,20,,,,,,,,,,,basal,1.5,,Carbon dioxide analyzer sable system,30,0.001,glass,2.05,intermittent flow-through,aerial,adult,,female,mature,fresh body mass,milligram,0.2186,20,,,,,,,,,,uLCO2/h/ind,0.1444,
Le_Lann_et_al_2014,27-03-2023,Cecile_Le_Lann,cecile.lelann@univ-rennes1.fr,primary,https://doi.org/10.5281/zenodo.7775047,https://doi.org/10.1007/s00442-013-2810-9,,Trichopria_drosophilae,,terrestrial,,60,,48,21,5,-1,29,16,field,,01-06-2011,31-08-2011,,yes,,,20,,,,,,,,,,yes,20,,,,,,,,,,,basal,1.5,,Carbon dioxide analyzer sable system,30,0.001,glass,2.05,intermittent flow-through,aerial,adult,,female,mature,fresh body mass,milligram,0.207,20,,,,,,,,,,uLCO2/h/ind,0.1696,
Le_Lann_et_al_2014,27-03-2023,Cecile_Le_Lann,cecile.lelann@univ-rennes1.fr,primary,https://doi.org/10.5281/zenodo.7775047,https://doi.org/10.1007/s00442-013-2810-9,,Trichopria_drosophilae,,terrestrial,,60,,48,21,5,-1,29,16,field,,01-06-2011,31-08-2011,,yes,,,20,,,,,,,,,,yes,20,,,,,,,,,,,basal,1.5,,Carbon dioxide analyzer sable system,30,0.001,glass,2.05,intermittent flow-through,aerial,adult,,female,mature,fresh body mass,milligram,0.2686,20,,,,,,,,,,uLCO2/h/ind,0.393,
Le_Lann_et_al_2014,27-03-2023,Cecile_Le_Lann,cecile.lelann@univ-rennes1.fr,primary,https://doi.org/10.5281/zenodo.7775047,https://doi.org/10.1007/s00442-013-2810-9,,Trichopria_drosophilae,,terrestrial,,60,,48,21,5,-1,29,16,field,,01-06-2011,31-08-2011,,yes,,,20,,,,,,,,,,yes,20,,,,,,,,,,,basal,1.5,,Carbon dioxide analyzer sable system,30,0.001,glass,2.05,intermittent flow-through,aerial,adult,,female,mature,fresh body mass,milligram,0.2012,20,,,,,,,,,,uLCO2/h/ind,0.1859,
Le_Lann_et_al_2014,27-03-2023,Cecile_Le_Lann,cecile.lelann@univ-rennes1.fr,primary,https://doi.org/10.5281/zenodo.7775047,https://doi.org/10.1007/s00442-013-2810-9,,Trichopria_drosophilae,,terrestrial,,60,,48,21,5,-1,29,16,field,,01-06-2011,31-08-2011,,yes,,,20,,,,,,,,,,yes,20,,,,,,,,,,,basal,1.5,,Carbon dioxide analyzer sable system,30,0.001,glass,2.05,intermittent flow-through,aerial,adult,,female,mature,fresh body mass,milligram,0.1563,20,,,,,,,,,,uLCO2/h/ind,0.0671,
Le_Lann_et_al_2014,27-03-2023,Cecile_Le_Lann,cecile.lelann@univ-rennes1.fr,primary,https://doi.org/10.5281/zenodo.7775047,https://doi.org/10.1007/s00442-013-2810-9,,Trichopria_drosophilae,,terrestrial,,60,,48,21,5,-1,29,16,field,,01-06-2011,31-08-2011,,yes,,,20,,,,,,,,,,yes,20,,,,,,,,,,,basal,1.5,,Carbon dioxide analyzer sable system,30,0.001,glass,2.05,intermittent flow-through,aerial,adult,,female,mature,fresh body mass,milligram,0.295,20,,,,,,,,,,uLCO2/h/ind,0.1576,
Le_Lann_et_al_2014,27-03-2023,Cecile_Le_Lann,cecile.lelann@univ-rennes1.fr,primary,https://doi.org/10.5281/zenodo.7775047,https://doi.org/10.1007/s00442-013-2810-9,,Trichopria_drosophilae,,terrestrial,,60,,48,21,5,-1,29,16,field,,01-06-2011,31-08-2011,,yes,,,20,,,,,,,,,,yes,20,,,,,,,,,,,basal,1.5,,Carbon dioxide analyzer sable system,30,0.001,glass,2.05,intermittent flow-through,aerial,adult,,female,mature,fresh body mass,milligram,0.2039,20,,,,,,,,,,uLCO2/h/ind,0.1496,
Le_Lann_et_al_2014,27-03-2023,Cecile_Le_Lann,cecile.lelann@univ-rennes1.fr,primary,https://doi.org/10.5281/zenodo.7775047,https://doi.org/10.1007/s00442-013-2810-9,,Trichopria_drosophilae,,terrestrial,,60,,48,21,5,-1,29,16,field,,01-06-2011,31-08-2011,,yes,,,20,,,,,,,,,,yes,20,,,,,,,,,,,basal,1.5,,Carbon dioxide analyzer sable system,30,0.001,glass,2.05,intermittent flow-through,aerial,adult,,female,mature,fresh body mass,milligram,0.223,20,,,,,,,,,,uLCO2/h/ind,0.1497,
Le_Lann_et_al_2014,27-03-2023,Cecile_Le_Lann,cecile.lelann@univ-rennes1.fr,primary,https://doi.org/10.5281/zenodo.7775047,https://doi.org/10.1007/s00442-013-2810-9,,Trichopria_drosophilae,,terrestrial,,60,,48,21,5,-1,29,16,field,,01-06-2011,31-08-2011,,yes,,,20,,,,,,,,,,yes,20,,,,,,,,,,,basal,1.5,,Carbon dioxide analyzer sable system,30,0.001,glass,2.05,intermittent flow-through,aerial,adult,,female,mature,fresh body mass,milligram,0.2155,20,,,,,,,,,,uLCO2/h/ind,0.3449,
Le_Lann_et_al_2014,27-03-2023,Cecile_Le_Lann,cecile.lelann@univ-rennes1.fr,primary,https://doi.org/10.5281/zenodo.7775047,https://doi.org/10.1007/s00442-013-2810-9,,Trichopria_drosophilae,,terrestrial,,60,,48,21,5,-1,29,16,field,,01-06-2011,31-08-2011,,yes,,,20,,,,,,,,,,yes,20,,,,,,,,,,,basal,1.5,,Carbon dioxide analyzer sable system,30,0.001,glass,2.05,intermittent flow-through,aerial,adult,,female,mature,fresh body mass,milligram,0.2133,20,,,,,,,,,,uLCO2/h/ind,0.1857,
Le_Lann_et_al_2014,27-03-2023,Cecile_Le_Lann,cecile.lelann@univ-rennes1.fr,primary,https://doi.org/10.5281/zenodo.7775047,https://doi.org/10.1007/s00442-013-2810-9,,Trichopria_drosophilae,,terrestrial,,60,,48,21,5,-1,29,16,field,,01-06-2011,31-08-2011,,yes,,,20,,,,,,,,,,yes,20,,,,,,,,,,,basal,1.5,,Carbon dioxide analyzer sable system,30,0.001,glass,2.05,intermittent flow-through,aerial,adult,,female,mature,fresh body mass,milligram,0.2565,20,,,,,,,,,,uLCO2/h/ind,0.2507,
Le_Lann_et_al_2014,27-03-2023,Cecile_Le_Lann,cecile.lelann@univ-rennes1.fr,primary,https://doi.org/10.5281/zenodo.7775047,https://doi.org/10.1007/s00442-013-2810-9,,Trichopria_drosophilae,,terrestrial,,60,,48,21,5,-1,29,16,field,,01-06-2011,31-08-2011,,yes,,,20,,,,,,,,,,yes,20,,,,,,,,,,,basal,1.5,,Carbon dioxide analyzer sable system,30,0.001,glass,2.05,intermittent flow-through,aerial,adult,,female,mature,fresh body mass,milligram,0.1834,20,,,,,,,,,,uLCO2/h/ind,0.098,
Le_Lann_et_al_2014,27-03-2023,Cecile_Le_Lann,cecile.lelann@univ-rennes1.fr,primary,https://doi.org/10.5281/zenodo.7775047,https://doi.org/10.1007/s00442-013-2810-9,,Trichopria_drosophilae,,terrestrial,,60,,48,21,5,-1,29,16,field,,01-06-2011,31-08-2011,,yes,,,20,,,,,,,,,,yes,20,,,,,,,,,,,basal,1.5,,Carbon dioxide analyzer sable system,30,0.001,glass,2.05,intermittent flow-through,aerial,adult,,female,mature,fresh body mass,milligram,0.2064,20,,,,,,,,,,uLCO2/h/ind,0.1277,
Le_Lann_et_al_2014,27-03-2023,Cecile_Le_Lann,cecile.lelann@univ-rennes1.fr,primary,https://doi.org/10.5281/zenodo.7775047,https://doi.org/10.1007/s00442-013-2810-9,,Trichopria_drosophilae,,terrestrial,,60,,48,21,5,-1,29,16,field,,01-06-2011,31-08-2011,,yes,,,20,,,,,,,,,,yes,20,,,,,,,,,,,basal,1.5,,Carbon dioxide analyzer sable system,30,0.001,glass,2.05,intermittent flow-through,aerial,adult,,female,mature,fresh body mass,milligram,0.2237,20,,,,,,,,,,uLCO2/h/ind,0.1767,
Le_Lann_et_al_2014,27-03-2023,Cecile_Le_Lann,cecile.lelann@univ-rennes1.fr,primary,https://doi.org/10.5281/zenodo.7775047,https://doi.org/10.1007/s00442-013-2810-9,,Trichopria_drosophilae,,terrestrial,,60,,48,21,5,-1,29,16,field,,01-06-2011,31-08-2011,,yes,,,20,,,,,,,,,,yes,20,,,,,,,,,,,basal,1.5,,Carbon dioxide analyzer sable system,30,0.001,glass,2.05,intermittent flow-through,aerial,adult,,female,mature,fresh body mass,milligram,0.1908,20,,,,,,,,,,uLCO2/h/ind,0.1088,
Le_Lann_et_al_2014,27-03-2023,Cecile_Le_Lann,cecile.lelann@univ-rennes1.fr,primary,https://doi.org/10.5281/zenodo.7775047,https://doi.org/10.1007/s00442-013-2810-9,,Trichopria_drosophilae,,terrestrial,,60,,48,21,5,-1,29,16,field,,01-06-2011,31-08-2011,,yes,,,20,,,,,,,,,,yes,20,,,,,,,,,,,basal,1.5,,Carbon dioxide analyzer sable system,30,0.001,glass,2.05,intermittent flow-through,aerial,adult,,female,mature,fresh body mass,milligram,0.2714,20,,,,,,,,,,uLCO2/h/ind,0.32,
Le_Lann_et_al_2014,27-03-2023,Cecile_Le_Lann,cecile.lelann@univ-rennes1.fr,primary,https://doi.org/10.5281/zenodo.7775047,https://doi.org/10.1007/s00442-013-2810-9,,Trichopria_drosophilae,,terrestrial,,60,,48,21,5,-1,29,16,field,,01-06-2011,31-08-2011,,yes,,,20,,,,,,,,,,yes,20,,,,,,,,,,,basal,1.5,,Carbon dioxide analyzer sable system,30,0.001,glass,2.05,intermittent flow-through,aerial,adult,,female,mature,fresh body mass,milligram,0.2291,20,,,,,,,,,,uLCO2/h/ind,0.1956,
Le_Lann_et_al_2014,27-03-2023,Cecile_Le_Lann,cecile.lelann@univ-rennes1.fr,primary,https://doi.org/10.5281/zenodo.7775047,https://doi.org/10.1007/s00442-013-2810-9,,Trichopria_drosophilae,,terrestrial,,60,,48,21,5,-1,29,16,field,,01-06-2011,31-08-2011,,yes,,,20,,,,,,,,,,yes,20,,,,,,,,,,,basal,1.5,,Carbon dioxide analyzer sable system,30,0.001,glass,2.05,intermittent flow-through,aerial,adult,,female,mature,fresh body mass,milligram,0.2167,20,,,,,,,,,,uLCO2/h/ind,0.129,
Le_Lann_et_al_2014,27-03-2023,Cecile_Le_Lann,cecile.lelann@univ-rennes1.fr,primary,https://doi.org/10.5281/zenodo.7775047,https://doi.org/10.1007/s00442-013-2810-9,,Trichopria_drosophilae,,terrestrial,,60,,48,21,5,-1,29,16,field,,01-06-2011,31-08-2011,,yes,,,20,,,,,,,,,,yes,20,,,,,,,,,,,basal,1.5,,Carbon dioxide analyzer sable system,30,0.001,glass,2.05,intermittent flow-through,aerial,adult,,female,mature,fresh body mass,milligram,0.2204,20,,,,,,,,,,uLCO2/h/ind,0.2908,
Le_Lann_et_al_2014,27-03-2023,Cecile_Le_Lann,cecile.lelann@univ-rennes1.fr,primary,https://doi.org/10.5281/zenodo.7775047,https://doi.org/10.1007/s00442-013-2810-9,,Trichopria_drosophilae,,terrestrial,,60,,48,21,5,-1,29,16,field,,01-06-2011,31-08-2011,,yes,,,23,,,,,,,,,,yes,23,,,,,,,,,,,basal,1.5,,Carbon dioxide analyzer sable system,30,0.001,glass,2.05,intermittent flow-through,aerial,adult,,female,mature,fresh body mass,milligram,0.2523,23,,,,,,,,,,uLCO2/h/ind,0.3114,
Le_Lann_et_al_2014,27-03-2023,Cecile_Le_Lann,cecile.lelann@univ-rennes1.fr,primary,https://doi.org/10.5281/zenodo.7775047,https://doi.org/10.1007/s00442-013-2810-9,,Trichopria_drosophilae,,terrestrial,,60,,48,21,5,-1,29,16,field,,01-06-2011,31-08-2011,,yes,,,23,,,,,,,,,,yes,23,,,,,,,,,,,basal,1.5,,Carbon dioxide analyzer sable system,30,0.001,glass,2.05,intermittent flow-through,aerial,adult,,female,mature,fresh body mass,milligram,0.196,23,,,,,,,,,,uLCO2/h/ind,0.3332,
Le_Lann_et_al_2014,27-03-2023,Cecile_Le_Lann,cecile.lelann@univ-rennes1.fr,primary,https://doi.org/10.5281/zenodo.7775047,https://doi.org/10.1007/s00442-013-2810-9,,Trichopria_drosophilae,,terrestrial,,60,,48,21,5,-1,29,16,field,,01-06-2011,31-08-2011,,yes,,,23,,,,,,,,,,yes,23,,,,,,,,,,,basal,1.5,,Carbon dioxide analyzer sable system,30,0.001,glass,2.05,intermittent flow-through,aerial,adult,,female,mature,fresh body mass,milligram,0.2113,23,,,,,,,,,,uLCO2/h/ind,0.3966,
Le_Lann_et_al_2014,27-03-2023,Cecile_Le_Lann,cecile.lelann@univ-rennes1.fr,primary,https://doi.org/10.5281/zenodo.7775047,https://doi.org/10.1007/s00442-013-2810-9,,Trichopria_drosophilae,,terrestrial,,60,,48,21,5,-1,29,16,field,,01-06-2011,31-08-2011,,yes,,,23,,,,,,,,,,yes,23,,,,,,,,,,,basal,1.5,,Carbon dioxide analyzer sable system,30,0.001,glass,2.05,intermittent flow-through,aerial,adult,,female,mature,fresh body mass,milligram,0.249,23,,,,,,,,,,uLCO2/h/ind,0.2867,
Le_Lann_et_al_2014,27-03-2023,Cecile_Le_Lann,cecile.lelann@univ-rennes1.fr,primary,https://doi.org/10.5281/zenodo.7775047,https://doi.org/10.1007/s00442-013-2810-9,,Trichopria_drosophilae,,terrestrial,,60,,48,21,5,-1,29,16,field,,01-06-2011,31-08-2011,,yes,,,23,,,,,,,,,,yes,23,,,,,,,,,,,basal,1.5,,Carbon dioxide analyzer sable system,30,0.001,glass,2.05,intermittent flow-through,aerial,adult,,female,mature,fresh body mass,milligram,0.2443,23,,,,,,,,,,uLCO2/h/ind,0.3509,
Le_Lann_et_al_2014,27-03-2023,Cecile_Le_Lann,cecile.lelann@univ-rennes1.fr,primary,https://doi.org/10.5281/zenodo.7775047,https://doi.org/10.1007/s00442-013-2810-9,,Trichopria_drosophilae,,terrestrial,,60,,48,21,5,-1,29,16,field,,01-06-2011,31-08-2011,,yes,,,23,,,,,,,,,,yes,23,,,,,,,,,,,basal,1.5,,Carbon dioxide analyzer sable system,30,0.001,glass,2.05,intermittent flow-through,aerial,adult,,female,mature,fresh body mass,milligram,0.2207,23,,,,,,,,,,uLCO2/h/ind,0.2588,
Le_Lann_et_al_2014,27-03-2023,Cecile_Le_Lann,cecile.lelann@univ-rennes1.fr,primary,https://doi.org/10.5281/zenodo.7775047,https://doi.org/10.1007/s00442-013-2810-9,,Trichopria_drosophilae,,terrestrial,,60,,48,21,5,-1,29,16,field,,01-06-2011,31-08-2011,,yes,,,23,,,,,,,,,,yes,23,,,,,,,,,,,basal,1.5,,Carbon dioxide analyzer sable system,30,0.001,glass,2.05,intermittent flow-through,aerial,adult,,female,mature,fresh body mass,milligram,0.2764,23,,,,,,,,,,uLCO2/h/ind,0.4091,
Le_Lann_et_al_2014,27-03-2023,Cecile_Le_Lann,cecile.lelann@univ-rennes1.fr,primary,https://doi.org/10.5281/zenodo.7775047,https://doi.org/10.1007/s00442-013-2810-9,,Trichopria_drosophilae,,terrestrial,,60,,48,21,5,-1,29,16,field,,01-06-2011,31-08-2011,,yes,,,23,,,,,,,,,,yes,23,,,,,,,,,,,basal,1.5,,Carbon dioxide analyzer sable system,30,0.001,glass,2.05,intermittent flow-through,aerial,adult,,female,mature,fresh body mass,milligram,0.2564,23,,,,,,,,,,uLCO2/h/ind,0.3223,
Le_Lann_et_al_2014,27-03-2023,Cecile_Le_Lann,cecile.lelann@univ-rennes1.fr,primary,https://doi.org/10.5281/zenodo.7775047,https://doi.org/10.1007/s00442-013-2810-9,,Trichopria_drosophilae,,terrestrial,,60,,48,21,5,-1,29,16,field,,01-06-2011,31-08-2011,,yes,,,23,,,,,,,,,,yes,23,,,,,,,,,,,basal,1.5,,Carbon dioxide analyzer sable system,30,0.001,glass,2.05,intermittent flow-through,aerial,adult,,female,mature,fresh body mass,milligram,0.2847,23,,,,,,,,,,uLCO2/h/ind,0.3767,
Le_Lann_et_al_2014,27-03-2023,Cecile_Le_Lann,cecile.lelann@univ-rennes1.fr,primary,https://doi.org/10.5281/zenodo.7775047,https://doi.org/10.1007/s00442-013-2810-9,,Trichopria_drosophilae,,terrestrial,,60,,48,21,5,-1,29,16,field,,01-06-2011,31-08-2011,,yes,,,23,,,,,,,,,,yes,23,,,,,,,,,,,basal,1.5,,Carbon dioxide analyzer sable system,30,0.001,glass,2.05,intermittent flow-through,aerial,adult,,female,mature,fresh body mass,milligram,0.2134,23,,,,,,,,,,uLCO2/h/ind,0.2458,
Le_Lann_et_al_2014,27-03-2023,Cecile_Le_Lann,cecile.lelann@univ-rennes1.fr,primary,https://doi.org/10.5281/zenodo.7775047,https://doi.org/10.1007/s00442-013-2810-9,,Trichopria_drosophilae,,terrestrial,,60,,48,21,5,-1,29,16,field,,01-06-2011,31-08-2011,,yes,,,23,,,,,,,,,,yes,23,,,,,,,,,,,basal,1.5,,Carbon dioxide analyzer sable system,30,0.001,glass,2.05,intermittent flow-through,aerial,adult,,female,mature,fresh body mass,milligram,0.2799,23,,,,,,,,,,uLCO2/h/ind,0.391,
Le_Lann_et_al_2014,27-03-2023,Cecile_Le_Lann,cecile.lelann@univ-rennes1.fr,primary,https://doi.org/10.5281/zenodo.7775047,https://doi.org/10.1007/s00442-013-2810-9,,Trichopria_drosophilae,,terrestrial,,60,,48,21,5,-1,29,16,field,,01-06-2011,31-08-2011,,yes,,,23,,,,,,,,,,yes,23,,,,,,,,,,,basal,1.5,,Carbon dioxide analyzer sable system,30,0.001,glass,2.05,intermittent flow-through,aerial,adult,,female,mature,fresh body mass,milligram,0.2433,23,,,,,,,,,,uLCO2/h/ind,0.3007,
Le_Lann_et_al_2014,27-03-2023,Cecile_Le_Lann,cecile.lelann@univ-rennes1.fr,primary,https://doi.org/10.5281/zenodo.7775047,https://doi.org/10.1007/s00442-013-2810-9,,Trichopria_drosophilae,,terrestrial,,60,,48,21,5,-1,29,16,field,,01-06-2011,31-08-2011,,yes,,,23,,,,,,,,,,yes,23,,,,,,,,,,,basal,1.5,,Carbon dioxide analyzer sable system,30,0.001,glass,2.05,intermittent flow-through,aerial,adult,,female,mature,fresh body mass,milligram,0.2374,23,,,,,,,,,,uLCO2/h/ind,0.3042,
Le_Lann_et_al_2014,27-03-2023,Cecile_Le_Lann,cecile.lelann@univ-rennes1.fr,primary,https://doi.org/10.5281/zenodo.7775047,https://doi.org/10.1007/s00442-013-2810-9,,Trichopria_drosophilae,,terrestrial,,60,,48,21,5,-1,29,16,field,,01-06-2011,31-08-2011,,yes,,,23,,,,,,,,,,yes,23,,,,,,,,,,,basal,1.5,,Carbon dioxide analyzer sable system,30,0.001,glass,2.05,intermittent flow-through,aerial,adult,,female,mature,fresh body mass,milligram,0.258,23,,,,,,,,,,uLCO2/h/ind,0.3847,
Le_Lann_et_al_2014,27-03-2023,Cecile_Le_Lann,cecile.lelann@univ-rennes1.fr,primary,https://doi.org/10.5281/zenodo.7775047,https://doi.org/10.1007/s00442-013-2810-9,,Trichopria_drosophilae,,terrestrial,,60,,48,21,5,-1,29,16,field,,01-06-2011,31-08-2011,,yes,,,23,,,,,,,,,,yes,23,,,,,,,,,,,basal,1.5,,Carbon dioxide analyzer sable system,30,0.001,glass,2.05,intermittent flow-through,aerial,adult,,female,mature,fresh body mass,milligram,0.2301,23,,,,,,,,,,uLCO2/h/ind,0.2104,
Le_Lann_et_al_2014,27-03-2023,Cecile_Le_Lann,cecile.lelann@univ-rennes1.fr,primary,https://doi.org/10.5281/zenodo.7775047,https://doi.org/10.1007/s00442-013-2810-9,,Trichopria_drosophilae,,terrestrial,,60,,48,21,5,-1,29,16,field,,01-06-2011,31-08-2011,,yes,,,23,,,,,,,,,,yes,23,,,,,,,,,,,basal,1.5,,Carbon dioxide analyzer sable system,30,0.001,glass,2.05,intermittent flow-through,aerial,adult,,female,mature,fresh body mass,milligram,0.2488,23,,,,,,,,,,uLCO2/h/ind,0.3066,
Le_Lann_et_al_2014,27-03-2023,Cecile_Le_Lann,cecile.lelann@univ-rennes1.fr,primary,https://doi.org/10.5281/zenodo.7775047,https://doi.org/10.1007/s00442-013-2810-9,,Trichopria_drosophilae,,terrestrial,,60,,48,21,5,-1,29,16,field,,01-06-2011,31-08-2011,,yes,,,23,,,,,,,,,,yes,23,,,,,,,,,,,basal,1.5,,Carbon dioxide analyzer sable system,30,0.001,glass,2.05,intermittent flow-through,aerial,adult,,female,mature,fresh body mass,milligram,0.2217,23,,,,,,,,,,uLCO2/h/ind,0.2897,
